SGO Report ID,Location Address / Description,Location,Zip Code,latitude,longitude,place_name,geocode_relevance,geocode_query_used
30270-9682,Cyril Magnin Street at Ellis Street,SAN_FRANCISCO,94104,42.499574,-83.0022,"San Francisco Street, Warren, Michigan 48093, United States",0.574074,"SAN_FRANCISCO, 94104"
30270-9609,near 909 E. Apache Boulevard,PHOENIX,85281,36.820821,-76.068451,"85281 Phoenix Drive, Virginia Beach, Virginia 23452, United States",0.99,"PHOENIX, 85281"
30270-9604,parking lot at 8985 Venice Boulevard,LOS_ANGELES,90034,43.874506,-85.799206,"Los Angeles, Idlewild, Michigan 49642, United States",0.574074,"LOS_ANGELES, 90034"
30270-9603,West Boulevard at St. Charles Place,LOS_ANGELES,90019,43.874506,-85.799206,"Los Angeles, Idlewild, Michigan 49642, United States",0.574074,"LOS_ANGELES, 90019"
30270-9602,Grove Street at Franklin Street,SAN_FRANCISCO,94102,42.499574,-83.0022,"San Francisco Street, Warren, Michigan 48093, United States",0.574074,"SAN_FRANCISCO, 94102"
30270-9601,Stevenson Street at 3rd Street,SAN_FRANCISCO,94103,42.499574,-83.0022,"San Francisco Street, Warren, Michigan 48093, United States",0.574074,"SAN_FRANCISCO, 94103"
30270-9600,W. Olympic Boulevard at S. Beverly Drive,LOS_ANGELES,90212,43.874506,-85.799206,"Los Angeles, Idlewild, Michigan 49642, United States",0.574074,"LOS_ANGELES, 90212"
30270-9599,near 959 E. University Drive,PHOENIX,85288,36.823063,-76.068518,"85288 Phoenix Drive, Virginia Beach, Virginia 23452, United States",0.99,"PHOENIX, 85288"
30270-9598,E. University Drive at the underpass of Hohokam Expressway,PHOENIX,85040,36.823066,-76.068518,"85040 Phoenix Drive, Virginia Beach, Virginia 23452, United States",0.99,"PHOENIX, 85040"
30270-9596,Shopping center parking lot near 4701 N 7th Street,PHOENIX,85014,36.823066,-76.068518,"85014 Phoenix Drive, Virginia Beach, Virginia 23452, United States",0.99,"PHOENIX, 85014"
30270-9595,Kearny Street near Hardie Place,SAN_FRANCISCO,94108,42.499574,-83.0022,"San Francisco Street, Warren, Michigan 48093, United States",0.574074,"SAN_FRANCISCO, 94108"
30270-9594,S. Western Avenue at W. 8th Street,LOS_ANGELES,90005,43.874506,-85.799206,"Los Angeles, Idlewild, Michigan 49642, United States",0.574074,"LOS_ANGELES, 90005"
30270-9592,Mason Street near Sacramento Street,SAN_FRANCISCO,94108,42.499574,-83.0022,"San Francisco Street, Warren, Michigan 48093, United States",0.574074,"SAN_FRANCISCO, 94108"
30270-9591,E. Glendale Avenue near N. 12th Street,PHOENIX,85020,36.823066,-76.068518,"85020 Phoenix Drive, Virginia Beach, Virginia 23452, United States",0.99,"PHOENIX, 85020"
30270-9590,Alemany Boulevard at Ocean Avenue,SAN_FRANCISCO,94112,37.669974,-122.416861,"South San Francisco Drive, South San Francisco, California 94080, United States",0.672222,"SAN_FRANCISCO, 94112"
30270-9589,Beverly Boulevard at S. Bonnie Brae Street,LOS_ANGELES,90057,43.874506,-85.799206,"Los Angeles, Idlewild, Michigan 49642, United States",0.574074,"LOS_ANGELES, 90057"
30270-9588,Venice Boulevard at Hauser Boulvard,LOS_ANGELES,90019,43.874506,-85.799206,"Los Angeles, Idlewild, Michigan 49642, United States",0.574074,"LOS_ANGELES, 90019"
30270-9587,Bush Street at Sansome Street,SAN_FRANCISCO,94104,42.499574,-83.0022,"San Francisco Street, Warren, Michigan 48093, United States",0.574074,"SAN_FRANCISCO, 94104"
30270-9586,Harriet Street near Howard Street,SAN_FRANCISCO,94103,42.499574,-83.0022,"San Francisco Street, Warren, Michigan 48093, United States",0.574074,"SAN_FRANCISCO, 94103"
30270-9585,parking lot near 6321 E Stassney Lane,AUSTIN,78744,30.234752,-97.58943,"78744 Austin's Colony Boulevard, Austin, Texas 78725, United States",0.94875,"AUSTIN, 78744"
30270-9584,Venezia Avenue near Zeno Place,LOS_ANGELES,90291,43.874506,-85.799206,"Los Angeles, Idlewild, Michigan 49642, United States",0.574074,"LOS_ANGELES, 90291"
30270-9583,Bush Street at Battery Street,SAN_FRANCISCO,94104,42.499574,-83.0022,"San Francisco Street, Warren, Michigan 48093, United States",0.574074,"SAN_FRANCISCO, 94104"
30270-9582,Jessie Street near Annie Street,SAN_FRANCISCO,94105,42.499574,-83.0022,"San Francisco Street, Warren, Michigan 48093, United States",0.574074,"SAN_FRANCISCO, 94105"
30270-9580,Toland Street at Jerrold Avenue,SAN_FRANCISCO,94124,37.669974,-122.416861,"South San Francisco Drive, South San Francisco, California 94080, United States",0.672222,"SAN_FRANCISCO, 94124"
30270-9579,Sutter Street at Grant Avenue,SAN_FRANCISCO,94108,42.499574,-83.0022,"San Francisco Street, Warren, Michigan 48093, United States",0.574074,"SAN_FRANCISCO, 94108"
30270-9575,Alabama Street at Cesar Chavez Street,SAN_FRANCISCO,94110,42.499574,-83.0022,"San Francisco Street, Warren, Michigan 48093, United States",0.574074,"SAN_FRANCISCO, 94110"
30270-9574,15th Street near Alta Avenue,LOS_ANGELES,90402,43.874506,-85.799206,"Los Angeles, Idlewild, Michigan 49642, United States",0.574074,"LOS_ANGELES, 90402"
30270-9573,E. 8th Street near Comal Street,AUSTIN,78702,30.234752,-97.58943,"78702 Austin's Colony Boulevard, Austin, Texas 78725, United States",0.94875,"AUSTIN, 78702"
30270-9572,16th Street at Market Street,SAN_FRANCISCO,94114,42.499574,-83.0022,"San Francisco Street, Warren, Michigan 48093, United States",0.574074,"SAN_FRANCISCO, 94114"
30270-9571,W. Alta Vista Road at 7th Avenue,PHOENIX,85041,36.820824,-76.068451,"85041 Phoenix Drive, Virginia Beach, Virginia 23452, United States",0.99,"PHOENIX, 85041"
30270-9570,Bay Street near Polk Street,SAN_FRANCISCO,94109,42.499574,-83.0022,"San Francisco Street, Warren, Michigan 48093, United States",0.574074,"SAN_FRANCISCO, 94109"
30270-9569,McDowell Road at N. 11th Avenue,PHOENIX,85007,36.820825,-76.068451,"85007 Phoenix Drive, Virginia Beach, Virginia 23452, United States",0.99,"PHOENIX, 85007"
30270-9568,Elizabeth Street near Sanchez Street,SAN_FRANCISCO,94114,42.499574,-83.0022,"San Francisco Street, Warren, Michigan 48093, United States",0.574074,"SAN_FRANCISCO, 94114"
30270-9567,E. Roosevelt Street near N. 33rd Street,PHOENIX,85008,36.823066,-76.068518,"85008 Phoenix Drive, Virginia Beach, Virginia 23452, United States",0.99,"PHOENIX, 85008"
30270-9566,Bayshore Boulevard at Silver Avenue,SAN_FRANCISCO,94124,37.669974,-122.416861,"South San Francisco Drive, South San Francisco, California 94080, United States",0.672222,"SAN_FRANCISCO, 94124"
30270-9564,Montgomery Street at Pacific Avenue,SAN_FRANCISCO,94133,37.804124,-122.418075,"Francisco Street, San Francisco, California 94133, United States",0.6,"SAN_FRANCISCO, 94133"
30270-9563,Westwood Boulevard near Santa Monica Boulevard,LOS_ANGELES,90024,43.874506,-85.799206,"Los Angeles, Idlewild, Michigan 49642, United States",0.574074,"LOS_ANGELES, 90024"
30270-9561,Corbett Street at West Jefferson Boulevard,LOS_ANGELES,90016,43.874506,-85.799206,"Los Angeles, Idlewild, Michigan 49642, United States",0.574074,"LOS_ANGELES, 90016"
30270-9560,Melrose Avenue at La Cienega Boulevard,LOS_ANGELES,90069,43.874506,-85.799206,"Los Angeles, Idlewild, Michigan 49642, United States",0.574074,"LOS_ANGELES, 90069"
30270-9559,East Lincoln Drive at North Scottsdale Road,PHOENIX,85250,40.91473,-98.331038,"85250 Phoenix Court, Grand Island, Nebraska 68801, United States",0.99,"PHOENIX, 85250"
30270-9557,Camerford Avenue near N. Gower Street,LOS_ANGELES,90038,43.874506,-85.799206,"Los Angeles, Idlewild, Michigan 49642, United States",0.574074,"LOS_ANGELES, 90038"
30270-9556,South Catalina Street at San Marino Street,LOS_ANGELES,90006,43.874506,-85.799206,"Los Angeles, Idlewild, Michigan 49642, United States",0.574074,"LOS_ANGELES, 90006"
30270-9555,North Village Drive at East Camelback Road,PHOENIX,85018,36.823066,-76.068518,"85018 Phoenix Drive, Virginia Beach, Virginia 23452, United States",0.99,"PHOENIX, 85018"
30270-9554,W. 10th Avenue at S. Robson,PHOENIX,85210,36.823064,-76.068518,"85210 Phoenix Drive, Virginia Beach, Virginia 23452, United States",0.99,"PHOENIX, 85210"
30270-9553,Franklin Street and California Street,SAN_FRANCISCO,94109,42.499574,-83.0022,"San Francisco Street, Warren, Michigan 48093, United States",0.574074,"SAN_FRANCISCO, 94109"
30270-9546,Stevenson Street at 3rd Street,SAN_FRANCISCO,94105,42.499574,-83.0022,"San Francisco Street, Warren, Michigan 48093, United States",0.574074,"SAN_FRANCISCO, 94105"
30270-9545,Mariposa Street at Interstate 280 onramp,SAN_FRANCISCO,94107,42.499574,-83.0022,"San Francisco Street, Warren, Michigan 48093, United States",0.574074,"SAN_FRANCISCO, 94107"
30270-9544,N. 26th Street near E. Camelback Road,PHOENIX,85016,36.823066,-76.068518,"85016 Phoenix Drive, Virginia Beach, Virginia 23452, United States",0.99,"PHOENIX, 85016"
30270-9541,East Camelback Road near North 16th Street,PHOENIX,85014,36.823066,-76.068518,"85014 Phoenix Drive, Virginia Beach, Virginia 23452, United States",0.99,"PHOENIX, 85014"
30270-9540,Clayton Street near Carl Street,SAN_FRANCISCO,94117,42.499574,-83.0022,"San Francisco Street, Warren, Michigan 48093, United States",0.574074,"SAN_FRANCISCO, 94117"
30270-9540,Clayton Street near Carl Street,LOS_ANGELES,94117,43.874506,-85.799206,"Los Angeles, Idlewild, Michigan 49642, United States",0.574074,"LOS_ANGELES, 94117"
30270-9539,Kearny Street at California Street,SAN_FRANCISCO,94108,42.499574,-83.0022,"San Francisco Street, Warren, Michigan 48093, United States",0.574074,"SAN_FRANCISCO, 94108"
30270-9534,Leavenworth Street at Turk Street,SAN_FRANCISCO,94102,42.499574,-83.0022,"San Francisco Street, Warren, Michigan 48093, United States",0.574074,"SAN_FRANCISCO, 94102"
30270-9517,Sepulveda Boulevard near Berryman Avenue.,LOS_ANGELES,90230,43.874506,-85.799206,"Los Angeles, Idlewild, Michigan 49642, United States",0.574074,"LOS_ANGELES, 90230"
30270-9508,E Shea Boulevard near N 54th Street,PHOENIX,85254,36.823063,-76.068518,"85254 Phoenix Drive, Virginia Beach, Virginia 23452, United States",0.99,"PHOENIX, 85254"
30270-9507,Polk Street near Hayes Street,SAN_FRANCISCO,94109,42.499574,-83.0022,"San Francisco Street, Warren, Michigan 48093, United States",0.574074,"SAN_FRANCISCO, 94109"
30270-9486,S. Van Ness Avenue near 19th Street,SAN_FRANCISCO,94110,42.499574,-83.0022,"San Francisco Street, Warren, Michigan 48093, United States",0.574074,"SAN_FRANCISCO, 94110"
30270-9459,Fair Avenue at Mission Street,SAN_FRANCISCO,94110,42.499574,-83.0022,"San Francisco Street, Warren, Michigan 48093, United States",0.574074,"SAN_FRANCISCO, 94110"
30270-9391,O'Farrell Street between Larkin Street and Hyde Street,SAN_FRANCISCO,94109,42.499574,-83.0022,"San Francisco Street, Warren, Michigan 48093, United States",0.574074,"SAN_FRANCISCO, 94109"
30270-9389,New Montgomery Street at Jessie Street,SAN_FRANCISCO,94105,42.499574,-83.0022,"San Francisco Street, Warren, Michigan 48093, United States",0.574074,"SAN_FRANCISCO, 94105"
30270-9388,Geary Boulevard at Gough Street,SAN_FRANCISCO,94109,42.499574,-83.0022,"San Francisco Street, Warren, Michigan 48093, United States",0.574074,"SAN_FRANCISCO, 94109"
30270-9334,Clay Street at Wetmore Street,SAN_FRANCISCO,94108,42.499574,-83.0022,"San Francisco Street, Warren, Michigan 48093, United States",0.574074,"SAN_FRANCISCO, 94108"
30270-9333,Mason Street at Eddy Street,SAN_FRANCISCO,94102,42.499574,-83.0022,"San Francisco Street, Warren, Michigan 48093, United States",0.574074,"SAN_FRANCISCO, 94102"
30270-9330,South Sepulveda Boulevard at Ohio Avenue,LOS_ANGELES,90025,43.874506,-85.799206,"Los Angeles, Idlewild, Michigan 49642, United States",0.574074,"LOS_ANGELES, 90025"
30270-9329,East Roosevelt Street at North 16th Street,PHOENIX,85006,36.823066,-76.068518,"85006 Phoenix Drive, Virginia Beach, Virginia 23452, United States",0.99,"PHOENIX, 85006"
30270-9326,Broadway and Stockton Street,SAN_FRANCISCO,94133,37.804124,-122.418075,"Francisco Street, San Francisco, California 94133, United States",0.6,"SAN_FRANCISCO, 94133"
30270-9312,Van Ness Avenue at Turk Street,SAN_FRANCISCO,94102,42.499574,-83.0022,"San Francisco Street, Warren, Michigan 48093, United States",0.574074,"SAN_FRANCISCO, 94102"
30270-9295,6th Street at Natoma Street,SAN_FRANCISCO,94103,42.499574,-83.0022,"San Francisco Street, Warren, Michigan 48093, United States",0.574074,"SAN_FRANCISCO, 94103"
30270-9286,North Stanley Place at West Joshua Boulevard,PHOENIX,85226,36.823064,-76.068518,"85226 Phoenix Drive, Virginia Beach, Virginia 23452, United States",0.99,"PHOENIX, 85226"
30270-9285,Rhode Island Street near 24th Street,SAN_FRANCISCO,94107,42.499574,-83.0022,"San Francisco Street, Warren, Michigan 48093, United States",0.574074,"SAN_FRANCISCO, 94107"
30270-10004,Oak Street at Laguna Street,SAN_FRANCISCO,94102,42.499574,-83.0022,"San Francisco Street, Warren, Michigan 48093, United States",0.574074,"SAN_FRANCISCO, 94102"
30270-9684,E Indian Plaza at N Civic Center Plaza,PHOENIX,85251,40.914644,-98.331038,"85251 Phoenix Circle, Grand Island, Nebraska 68801, United States",0.99,"PHOENIX, 85251"
30270-9442,North McClintock Drive at West Tyson Street,PHOENIX,85226,36.823064,-76.068518,"85226 Phoenix Drive, Virginia Beach, Virginia 23452, United States",0.99,"PHOENIX, 85226"
30270-9437,Green Street near Jasper Place,SAN_FRANCISCO,94133,37.804124,-122.418075,"Francisco Street, San Francisco, California 94133, United States",0.6,"SAN_FRANCISCO, 94133"
30270-9436,S. Santa Monica Boulevard at Rodeo Drive,LOS_ANGELES,90210,43.874506,-85.799206,"Los Angeles, Idlewild, Michigan 49642, United States",0.574074,"LOS_ANGELES, 90210"
30270-9435,S. Hayworth Avenue near Pickford Street,LOS_ANGELES,90035,43.874506,-85.799206,"Los Angeles, Idlewild, Michigan 49642, United States",0.574074,"LOS_ANGELES, 90035"
30270-9434,shopping center located near 3816 Sepulveda Boulevard,LOS_ANGELES,90230,43.874506,-85.799206,"Los Angeles, Idlewild, Michigan 49642, United States",0.574074,"LOS_ANGELES, 90230"
30270-9433,S. Van Ness Avenue at Mission Street,SAN_FRANCISCO,94103,42.499574,-83.0022,"San Francisco Street, Warren, Michigan 48093, United States",0.574074,"SAN_FRANCISCO, 94103"
30270-9431,W. Washington Boulevard near S. Burlington Avenue,LOS_ANGELES,90015,43.874506,-85.799206,"Los Angeles, Idlewild, Michigan 49642, United States",0.574074,"LOS_ANGELES, 90015"
30270-9430,E. Fillmore Street at N. 3rd Street,PHOENIX,85004,36.823066,-76.068518,"85004 Phoenix Drive, Virginia Beach, Virginia 23452, United States",0.99,"PHOENIX, 85004"
30270-9429,Phelps Street near Galvez Avenue,SAN_FRANCISCO,94124,37.669974,-122.416861,"South San Francisco Drive, South San Francisco, California 94080, United States",0.672222,"SAN_FRANCISCO, 94124"
30270-9427,Obama Boulevard near Sycamore Avenue,LOS_ANGELES,90016,43.874506,-85.799206,"Los Angeles, Idlewild, Michigan 49642, United States",0.574074,"LOS_ANGELES, 90016"
30270-9426,Front Street at Pine Street,SAN_FRANCISCO,94111,42.499574,-83.0022,"San Francisco Street, Warren, Michigan 48093, United States",0.574074,"SAN_FRANCISCO, 94111"
30270-9420,1975 4th Street,SAN_FRANCISCO,94158,42.499574,-83.0022,"San Francisco Street, Warren, Michigan 48093, United States",0.574074,"SAN_FRANCISCO, 94158"
30270-9419,Cesar Chavez Street at Guerrero Street,SAN_FRANCISCO,94110,42.499574,-83.0022,"San Francisco Street, Warren, Michigan 48093, United States",0.574074,"SAN_FRANCISCO, 94110"
30270-9418,15th Street at Market Street,SAN_FRANCISCO,94114,42.499574,-83.0022,"San Francisco Street, Warren, Michigan 48093, United States",0.574074,"SAN_FRANCISCO, 94114"
30270-9417,E. McKinley Street near Hayden Road,PHOENIX,85257,36.820821,-76.068451,"85257 Phoenix Drive, Virginia Beach, Virginia 23452, United States",0.99,"PHOENIX, 85257"
30270-9414,Colin P Kelly Jr Street near Townsend Street,SAN_FRANCISCO,94107,42.499574,-83.0022,"San Francisco Street, Warren, Michigan 48093, United States",0.574074,"SAN_FRANCISCO, 94107"
30270-9413,2nd Street at Brannan Street,SAN_FRANCISCO,94107,42.499574,-83.0022,"San Francisco Street, Warren, Michigan 48093, United States",0.574074,"SAN_FRANCISCO, 94107"
30270-9412,9th Street at Mission Street,SAN_FRANCISCO,94103,42.499574,-83.0022,"San Francisco Street, Warren, Michigan 48093, United States",0.574074,"SAN_FRANCISCO, 94103"
30270-9411,Rural Road at East Baseline Road,PHOENIX,85283,36.820821,-76.068451,"85283 Phoenix Drive, Virginia Beach, Virginia 23452, United States",0.99,"PHOENIX, 85283"
30270-9410,North Alma School Road at West El Monte Place,PHOENIX,85224,36.823064,-76.068518,"85224 Phoenix Drive, Virginia Beach, Virginia 23452, United States",0.99,"PHOENIX, 85224"
30270-9409,N Civic Center Plaza at E Indian Plaza,PHOENIX,85251,40.914644,-98.331038,"85251 Phoenix Circle, Grand Island, Nebraska 68801, United States",0.99,"PHOENIX, 85251"
30270-9408,Pine Street at Pierce Street,SAN_FRANCISCO,94115,42.499574,-83.0022,"San Francisco Street, Warren, Michigan 48093, United States",0.574074,"SAN_FRANCISCO, 94115"
30270-9407,Pine Street at Front Street,SAN_FRANCISCO,94111,42.499574,-83.0022,"San Francisco Street, Warren, Michigan 48093, United States",0.574074,"SAN_FRANCISCO, 94111"
30270-9406,South Spruce Avenue at South Inglewood Avenue,LOS_ANGELES,90301,43.874506,-85.799206,"Los Angeles, Idlewild, Michigan 49642, United States",0.574074,"LOS_ANGELES, 90301"
30270-9405,Holloway Drive at Hacienda Place,LOS_ANGELES,90069,43.874506,-85.799206,"Los Angeles, Idlewild, Michigan 49642, United States",0.574074,"LOS_ANGELES, 90069"
30270-9404,Wilshire Boulevard at Bonsall Avenue.,LOS_ANGELES,90049,43.874506,-85.799206,"Los Angeles, Idlewild, Michigan 49642, United States",0.574074,"LOS_ANGELES, 90049"
30270-9403,Cesar Chavez Street at Diamond Street,SAN_FRANCISCO,94131,42.499574,-83.0022,"San Francisco Street, Warren, Michigan 48093, United States",0.574074,"SAN_FRANCISCO, 94131"
30270-9402,Battery Street at Bush Street,SAN_FRANCISCO,94111,42.499574,-83.0022,"San Francisco Street, Warren, Michigan 48093, United States",0.574074,"SAN_FRANCISCO, 94111"
30270-9401,Townsend Street at 7th Street,SAN_FRANCISCO,94103,42.499574,-83.0022,"San Francisco Street, Warren, Michigan 48093, United States",0.574074,"SAN_FRANCISCO, 94103"
30270-9400,East Camelback Road at North 24th Street,PHOENIX,85016,36.823066,-76.068518,"85016 Phoenix Drive, Virginia Beach, Virginia 23452, United States",0.99,"PHOENIX, 85016"
30270-9376,Divisadero Street at Oak Street,SAN_FRANCISCO,94117,42.499574,-83.0022,"San Francisco Street, Warren, Michigan 48093, United States",0.574074,"SAN_FRANCISCO, 94117"
30270-9374,Kearny Street at Broadway,SAN_FRANCISCO,94133,37.804124,-122.418075,"Francisco Street, San Francisco, California 94133, United States",0.6,"SAN_FRANCISCO, 94133"
30270-9373,Douglass Street at 24th Street,SAN_FRANCISCO,94114,42.499574,-83.0022,"San Francisco Street, Warren, Michigan 48093, United States",0.574074,"SAN_FRANCISCO, 94114"
30270-9372,Washington Street at South 44th Street,PHOENIX,85008,36.823066,-76.068518,"85008 Phoenix Drive, Virginia Beach, Virginia 23452, United States",0.99,"PHOENIX, 85008"
30270-9371,West Olympic Boulevard at Normandie Avenue,LOS_ANGELES,90006,43.874506,-85.799206,"Los Angeles, Idlewild, Michigan 49642, United States",0.574074,"LOS_ANGELES, 90006"
30270-9363,Santa Monica Boulevard at Armacost Avenue,LOS_ANGELES,90025,43.874506,-85.799206,"Los Angeles, Idlewild, Michigan 49642, United States",0.574074,"LOS_ANGELES, 90025"
30270-9355,East Apache Boulevard near South McClintock Drive,PHOENIX,85281,36.820821,-76.068451,"85281 Phoenix Drive, Virginia Beach, Virginia 23452, United States",0.99,"PHOENIX, 85281"
30270-9350,37th Avenue near Quintara Street,SAN_FRANCISCO,94116,42.499574,-83.0022,"San Francisco Street, Warren, Michigan 48093, United States",0.574074,"SAN_FRANCISCO, 94116"
30270-9347,West 3rd Street at South Wilton Place,LOS_ANGELES,90020,43.874506,-85.799206,"Los Angeles, Idlewild, Michigan 49642, United States",0.574074,"LOS_ANGELES, 90020"
30270-9343,South Van Ness Avenue at 15th Street,SAN_FRANCISCO,94103,42.499574,-83.0022,"San Francisco Street, Warren, Michigan 48093, United States",0.574074,"SAN_FRANCISCO, 94103"
30270-9341,Missouri Street at 16th Street,SAN_FRANCISCO,94107,42.499574,-83.0022,"San Francisco Street, Warren, Michigan 48093, United States",0.574074,"SAN_FRANCISCO, 94107"
30270-9276,Santa Monica Boulevard near Laurel Avenue,LOS_ANGELES,90046,43.874506,-85.799206,"Los Angeles, Idlewild, Michigan 49642, United States",0.574074,"LOS_ANGELES, 90046"
30270-9269,Barneveld Avenue at Jerrold Avenue,SAN_FRANCISCO,94124,37.669974,-122.416861,"South San Francisco Drive, South San Francisco, California 94080, United States",0.672222,"SAN_FRANCISCO, 94124"
30270-9260,Priest Drive at Southern Avenue,PHOENIX,85282,36.823063,-76.068518,"85282 Phoenix Drive, Virginia Beach, Virginia 23452, United States",0.99,"PHOENIX, 85282"
30270-9259,Venice Boulevard at Vermont Avenue,LOS_ANGELES,90006,43.874506,-85.799206,"Los Angeles, Idlewild, Michigan 49642, United States",0.574074,"LOS_ANGELES, 90006"
30270-9234,Newton Street near S. Central Avenue,LOS_ANGELES,90021,43.874506,-85.799206,"Los Angeles, Idlewild, Michigan 49642, United States",0.574074,"LOS_ANGELES, 90021"
30270-9231,East Ben White Boulevard at South Congress Avenue,AUSTIN,78704,30.234752,-97.58943,"78704 Austin's Colony Boulevard, Austin, Texas 78725, United States",0.94875,"AUSTIN, 78704"
30270-9230,3rd Street at Harrison Street,SAN_FRANCISCO,94107,42.499574,-83.0022,"San Francisco Street, Warren, Michigan 48093, United States",0.574074,"SAN_FRANCISCO, 94107"
30270-9229,Van Ness Avenue at Ellis Street,SAN_FRANCISCO,94109,42.499574,-83.0022,"San Francisco Street, Warren, Michigan 48093, United States",0.574074,"SAN_FRANCISCO, 94109"
30270-9214,Roosevelt Avenue at Hanover Street,SAN_FRANCISCO,94014,37.681701,-122.458916,"San Francesco Avenue, Colma, California 94014, United States",0.867521,"SAN_FRANCISCO, 94014"
30270-9212,Ponca Street at Culp Street,AUSTIN,78741,30.234752,-97.58943,"78741 Austin's Colony Boulevard, Austin, Texas 78725, United States",0.94875,"AUSTIN, 78741"
30270-9203,East Monroe Street at North 2nd Street,PHOENIX,85004,36.823066,-76.068518,"85004 Phoenix Drive, Virginia Beach, Virginia 23452, United States",0.99,"PHOENIX, 85004"
30270-9194,S Rural Road near E University Dr,PHOENIX,85281,36.820821,-76.068451,"85281 Phoenix Drive, Virginia Beach, Virginia 23452, United States",0.99,"PHOENIX, 85281"
30270-9191,East 7th Street at South Mill Avenue,PHOENIX,85281,36.820821,-76.068451,"85281 Phoenix Drive, Virginia Beach, Virginia 23452, United States",0.99,"PHOENIX, 85281"
30270-9170,Gough Street at Ellis Street,SAN_FRANCISCO,94109,42.499574,-83.0022,"San Francisco Street, Warren, Michigan 48093, United States",0.574074,"SAN_FRANCISCO, 94109"
30270-9167,Front Street at Market Street,SAN_FRANCISCO,94111,42.499574,-83.0022,"San Francisco Street, Warren, Michigan 48093, United States",0.574074,"SAN_FRANCISCO, 94111"
30270-9156,Bay Street at Mason Street,SAN_FRANCISCO,94133,37.804124,-122.418075,"Francisco Street, San Francisco, California 94133, United States",0.6,"SAN_FRANCISCO, 94133"
30270-9082,N. Scottsdale Road near E. Curry Road,PHOENIX,85288,36.823063,-76.068518,"85288 Phoenix Drive, Virginia Beach, Virginia 23452, United States",0.99,"PHOENIX, 85288"
30270-9081,N. 19th Avenue at Bethany Home Road,PHOENIX,85015,36.820824,-76.068451,"85015 Phoenix Drive, Virginia Beach, Virginia 23452, United States",0.99,"PHOENIX, 85015"
30270-9061,Fillmore Street near Geary Boulevard,SAN_FRANCISCO,94115,42.499574,-83.0022,"San Francisco Street, Warren, Michigan 48093, United States",0.574074,"SAN_FRANCISCO, 94115"
30270-9060,Culver Boulevard near Sepulveda Boulevard,LOS_ANGELES,90230,43.874506,-85.799206,"Los Angeles, Idlewild, Michigan 49642, United States",0.574074,"LOS_ANGELES, 90230"
30270-9059,San Marino Street near Normandie Avenue,LOS_ANGELES,90006,43.874506,-85.799206,"Los Angeles, Idlewild, Michigan 49642, United States",0.574074,"LOS_ANGELES, 90006"
30270-9039,Bryant Street at 3rd Street,SAN_FRANCISCO,94107,42.499574,-83.0022,"San Francisco Street, Warren, Michigan 48093, United States",0.574074,"SAN_FRANCISCO, 94107"
30270-9015,Selma Avenue near Cahuenga Boulevard,LOS_ANGELES,90028,43.874506,-85.799206,"Los Angeles, Idlewild, Michigan 49642, United States",0.574074,"LOS_ANGELES, 90028"
30270-9190,North Randolph Road at East Osborn Road,PHOENIX,85014,36.823066,-76.068518,"85014 Phoenix Drive, Virginia Beach, Virginia 23452, United States",0.99,"PHOENIX, 85014"
30270-9189,10th Street at Bryant Street,SAN_FRANCISCO,94103,42.499574,-83.0022,"San Francisco Street, Warren, Michigan 48093, United States",0.574074,"SAN_FRANCISCO, 94103"
30270-9188,Grant Avenue at Pine Street,SAN_FRANCISCO,94108,42.499574,-83.0022,"San Francisco Street, Warren, Michigan 48093, United States",0.574074,"SAN_FRANCISCO, 94108"
30270-9187,6th Street at Natoma Street,SAN_FRANCISCO,94103,42.499574,-83.0022,"San Francisco Street, Warren, Michigan 48093, United States",0.574074,"SAN_FRANCISCO, 94103"
30270-9186,Bush Street near Kearny Street,SAN_FRANCISCO,94108,42.499574,-83.0022,"San Francisco Street, Warren, Michigan 48093, United States",0.574074,"SAN_FRANCISCO, 94108"
30270-9185,East Stassney Lane at Burleson Road,AUSTIN,78744,30.234752,-97.58943,"78744 Austin's Colony Boulevard, Austin, Texas 78725, United States",0.94875,"AUSTIN, 78744"
30270-9184,West Centinela Avenue at Sepulveda Boulevard,LOS_ANGELES,90045,43.874506,-85.799206,"Los Angeles, Idlewild, Michigan 49642, United States",0.574074,"LOS_ANGELES, 90045"
30270-9183,Stockton Street near Pine Street,SAN_FRANCISCO,94108,42.499574,-83.0022,"San Francisco Street, Warren, Michigan 48093, United States",0.574074,"SAN_FRANCISCO, 94108"
30270-9182,North 40th Street at East Indian School Road,PHOENIX,85018,36.823066,-76.068518,"85018 Phoenix Drive, Virginia Beach, Virginia 23452, United States",0.99,"PHOENIX, 85018"
30270-9181,South Avenida del Yaqui at Calle Cerritos,PHOENIX,85283,36.820821,-76.068451,"85283 Phoenix Drive, Virginia Beach, Virginia 23452, United States",0.99,"PHOENIX, 85283"
30270-9180,Rio Grande Street at W. 28th Street,AUSTIN,78705,30.234752,-97.58943,"78705 Austin's Colony Boulevard, Austin, Texas 78725, United States",0.94875,"AUSTIN, 78705"
30270-9179,Berry Street near 3rd Street,SAN_FRANCISCO,94107,42.499574,-83.0022,"San Francisco Street, Warren, Michigan 48093, United States",0.574074,"SAN_FRANCISCO, 94107"
30270-9178,Exposition Corridor Bike Path near Cardiff Avenue,LOS_ANGELES,90034,43.874506,-85.799206,"Los Angeles, Idlewild, Michigan 49642, United States",0.574074,"LOS_ANGELES, 90034"
30270-9177,Geary Boulevard at Scott Street,SAN_FRANCISCO,94115,42.499574,-83.0022,"San Francisco Street, Warren, Michigan 48093, United States",0.574074,"SAN_FRANCISCO, 94115"
30270-9176,Starr King Way at Franklin Street,SAN_FRANCISCO,94109,42.499574,-83.0022,"San Francisco Street, Warren, Michigan 48093, United States",0.574074,"SAN_FRANCISCO, 94109"
30270-9175,Persia Avenue at Moscow Street,SAN_FRANCISCO,94112,37.669974,-122.416861,"South San Francisco Drive, South San Francisco, California 94080, United States",0.672222,"SAN_FRANCISCO, 94112"
30270-9173,W. Adams Boulevard at Menlo Avenue,LOS_ANGELES,90007,33.987555,-118.270534,"South Los Angeles Street, Los Angeles, California 90003, United States",0.672222,"LOS_ANGELES, 90007"
30270-9172,Post Street at Taylor Street,SAN_FRANCISCO,94109,42.499574,-83.0022,"San Francisco Street, Warren, Michigan 48093, United States",0.574074,"SAN_FRANCISCO, 94109"
30270-9171,Powell Street at Union Street,SAN_FRANCISCO,94133,37.804124,-122.418075,"Francisco Street, San Francisco, California 94133, United States",0.6,"SAN_FRANCISCO, 94133"
30270-9141,S. 1st Street near Washington Street,PHOENIX,85004,36.823066,-76.068518,"85004 Phoenix Drive, Virginia Beach, Virginia 23452, United States",0.99,"PHOENIX, 85004"
30270-9140,Richland Avenue at Arlington Street,SAN_FRANCISCO,94131,42.499574,-83.0022,"San Francisco Street, Warren, Michigan 48093, United States",0.574074,"SAN_FRANCISCO, 94131"
30270-9127,Hyde Street at Delgado Place,SAN_FRANCISCO,94109,42.499574,-83.0022,"San Francisco Street, Warren, Michigan 48093, United States",0.574074,"SAN_FRANCISCO, 94109"
30270-9126,Santa Monica Boulevard at Manning Avenue,LOS_ANGELES,90024,43.874506,-85.799206,"Los Angeles, Idlewild, Michigan 49642, United States",0.574074,"LOS_ANGELES, 90024"
30270-9125,6th Street at Jessie Street,SAN_FRANCISCO,94103,42.499574,-83.0022,"San Francisco Street, Warren, Michigan 48093, United States",0.574074,"SAN_FRANCISCO, 94103"
30270-9123,North 15th Street at East Virginia Avenue,PHOENIX,85006,36.823066,-76.068518,"85006 Phoenix Drive, Virginia Beach, Virginia 23452, United States",0.99,"PHOENIX, 85006"
30270-9116,South Ash Avenue at West University Drive,PHOENIX,85281,36.820821,-76.068451,"85281 Phoenix Drive, Virginia Beach, Virginia 23452, United States",0.99,"PHOENIX, 85281"
30270-9115,Parking lot near South K Mart Access Road at West Broadway Road,PHOENIX,85202,36.823064,-76.068518,"85202 Phoenix Drive, Virginia Beach, Virginia 23452, United States",0.99,"PHOENIX, 85202"
30270-9112,Frederick Street near Delmar Street,SAN_FRANCISCO,94117,42.499574,-83.0022,"San Francisco Street, Warren, Michigan 48093, United States",0.574074,"SAN_FRANCISCO, 94117"
30270-9111,Civic Center Plaza at East Indian Plaza,PHOENIX,85251,40.914644,-98.331038,"85251 Phoenix Circle, Grand Island, Nebraska 68801, United States",0.99,"PHOENIX, 85251"
30270-9110,Stevenson Street at 3rd Street,SAN_FRANCISCO,94103,42.499574,-83.0022,"San Francisco Street, Warren, Michigan 48093, United States",0.574074,"SAN_FRANCISCO, 94103"
30270-9107,West Glenrosa Avenue at North Central Avenue,PHOENIX,85012,36.823066,-76.068518,"85012 Phoenix Drive, Virginia Beach, Virginia 23452, United States",0.99,"PHOENIX, 85012"
30270-9103,Montopolis Drive near East Ben White Boulevard,AUSTIN,78741,30.234752,-97.58943,"78741 Austin's Colony Boulevard, Austin, Texas 78725, United States",0.94875,"AUSTIN, 78741"
30270-9100,Indiana Street near 19th Street,SAN_FRANCISCO,94107,42.499574,-83.0022,"San Francisco Street, Warren, Michigan 48093, United States",0.574074,"SAN_FRANCISCO, 94107"
30270-9099,Jennings Street near Egbert Avenue,SAN_FRANCISCO,94124,37.669974,-122.416861,"South San Francisco Drive, South San Francisco, California 94080, United States",0.672222,"SAN_FRANCISCO, 94124"
30270-9098,16th Street at Capp Street,SAN_FRANCISCO,94103,42.499574,-83.0022,"San Francisco Street, Warren, Michigan 48093, United States",0.574074,"SAN_FRANCISCO, 94103"
30270-9097,13th Street at Bryant Street,SAN_FRANCISCO,94103,42.499574,-83.0022,"San Francisco Street, Warren, Michigan 48093, United States",0.574074,"SAN_FRANCISCO, 94103"
30270-9014,Montgomery Street at California Street,SAN_FRANCISCO,94104,42.499574,-83.0022,"San Francisco Street, Warren, Michigan 48093, United States",0.574074,"SAN_FRANCISCO, 94104"
30270-9013,Highland Avenue at Hollywood Boulevard,LOS_ANGELES,90028,43.874506,-85.799206,"Los Angeles, Idlewild, Michigan 49642, United States",0.574074,"LOS_ANGELES, 90028"
30270-9004,Alemany Boulevard near Congdon Street,SAN_FRANCISCO,94112,37.669974,-122.416861,"South San Francisco Drive, South San Francisco, California 94080, United States",0.672222,"SAN_FRANCISCO, 94112"
30270-8982,Van Ness Avenue at California Street,SAN_FRANCISCO,94109,42.499574,-83.0022,"San Francisco Street, Warren, Michigan 48093, United States",0.574074,"SAN_FRANCISCO, 94109"
30270-8979,California Street at Battery Street,SAN_FRANCISCO,94104,42.499574,-83.0022,"San Francisco Street, Warren, Michigan 48093, United States",0.574074,"SAN_FRANCISCO, 94104"
30270-8968,Fell Street at Franklin Street,SAN_FRANCISCO,94102,42.499574,-83.0022,"San Francisco Street, Warren, Michigan 48093, United States",0.574074,"SAN_FRANCISCO, 94102"
30270-8966,19th Avenue at Beverly Street,SAN_FRANCISCO,94132,37.681701,-122.458916,"San Francesco Avenue, Colma, California 94014, United States",0.654558,"SAN_FRANCISCO, 94132"
30270-8947,Stoner Avenue at Lindblade Street,LOS_ANGELES,90230,43.874506,-85.799206,"Los Angeles, Idlewild, Michigan 49642, United States",0.574074,"LOS_ANGELES, 90230"
30270-8943,Fell Street at Franklin Street,SAN_FRANCISCO,94102,42.499574,-83.0022,"San Francisco Street, Warren, Michigan 48093, United States",0.574074,"SAN_FRANCISCO, 94102"
30270-8941,Hayden Road near E. Thomas Road,PHOENIX,85251,40.914644,-98.331038,"85251 Phoenix Circle, Grand Island, Nebraska 68801, United States",0.99,"PHOENIX, 85251"
30270-8940,Van Ness Avenue at Grove Street,SAN_FRANCISCO,94102,42.499574,-83.0022,"San Francisco Street, Warren, Michigan 48093, United States",0.574074,"SAN_FRANCISCO, 94102"
30270-8933,underground parking lot at 1160 Mission Street,SAN_FRANCISCO,94103,42.499574,-83.0022,"San Francisco Street, Warren, Michigan 48093, United States",0.574074,"SAN_FRANCISCO, 94103"
30270-8929,near 291 E. Buckeye Road,PHOENIX,85004,36.823066,-76.068518,"85004 Phoenix Drive, Virginia Beach, Virginia 23452, United States",0.99,"PHOENIX, 85004"
30270-8927,El Camino Real at Westborough Boulevard,SAN_FRANCISCO,94080,37.669974,-122.416861,"South San Francisco Drive, South San Francisco, California 94080, United States",0.885185,"SAN_FRANCISCO, 94080"
30270-8919,S. 10th Street at E. Southern Avenue,PHOENIX,85042,36.823066,-76.068518,"85042 Phoenix Drive, Virginia Beach, Virginia 23452, United States",0.99,"PHOENIX, 85042"
30270-8915,W. Watkins Street near S. 11th Avenue,PHOENIX,85007,36.820825,-76.068451,"85007 Phoenix Drive, Virginia Beach, Virginia 23452, United States",0.99,"PHOENIX, 85007"
30270-8908,Red Rock Way near Duncan Street,SAN_FRANCISCO,94131,42.499574,-83.0022,"San Francisco Street, Warren, Michigan 48093, United States",0.574074,"SAN_FRANCISCO, 94131"
30270-8794,East Oltorf Street at North Interstate 35 Frontage Road.,AUSTIN,78741,30.234752,-97.58943,"78741 Austin's Colony Boulevard, Austin, Texas 78725, United States",0.94875,"AUSTIN, 78741"
30270-8781,Bush Street at Montgomery Street,SAN_FRANCISCO,94104,42.499574,-83.0022,"San Francisco Street, Warren, Michigan 48093, United States",0.574074,"SAN_FRANCISCO, 94104"
30270-8769,Toland Street at Jerrold Avenue,SAN_FRANCISCO,94124,37.669974,-122.416861,"South San Francisco Drive, South San Francisco, California 94080, United States",0.672222,"SAN_FRANCISCO, 94124"
30270-8892,Stevenson Street at 3rd Street,SAN_FRANCISCO,94103,42.499574,-83.0022,"San Francisco Street, Warren, Michigan 48093, United States",0.574074,"SAN_FRANCISCO, 94103"
30270-8891,Toland Street at Evans Avenue,SAN_FRANCISCO,94124,37.669974,-122.416861,"South San Francisco Drive, South San Francisco, California 94080, United States",0.672222,"SAN_FRANCISCO, 94124"
30270-8890,East 13th Street at South Mill Avenue,PHOENIX,85281,36.820821,-76.068451,"85281 Phoenix Drive, Virginia Beach, Virginia 23452, United States",0.99,"PHOENIX, 85281"
30270-8888,Stevenson Street at 3rd Street,SAN_FRANCISCO,94103,42.499574,-83.0022,"San Francisco Street, Warren, Michigan 48093, United States",0.574074,"SAN_FRANCISCO, 94103"
30270-8887,North 6th Avenue near Roosevelt Street,PHOENIX,85003,36.820825,-76.068451,"85003 Phoenix Drive, Virginia Beach, Virginia 23452, United States",0.99,"PHOENIX, 85003"
30270-8886,San Vicente Boulevard at Wilshire Boulevard,LOS_ANGELES,90211,43.874506,-85.799206,"Los Angeles, Idlewild, Michigan 49642, United States",0.574074,"LOS_ANGELES, 90211"
30270-8885,20th Street near Valencia Street,SAN_FRANCISCO,94110,42.499574,-83.0022,"San Francisco Street, Warren, Michigan 48093, United States",0.574074,"SAN_FRANCISCO, 94110"
30270-8884,Potrero Avenue at 23rd Street,SAN_FRANCISCO,94110,42.499574,-83.0022,"San Francisco Street, Warren, Michigan 48093, United States",0.574074,"SAN_FRANCISCO, 94110"
30270-8883,Davis Street near Red River Street,AUSTIN,78701,30.234752,-97.58943,"78701 Austin's Colony Boulevard, Austin, Texas 78725, United States",0.94875,"AUSTIN, 78701"
30270-8882,4th Street near 16th Street,SAN_FRANCISCO,94158,42.499574,-83.0022,"San Francisco Street, Warren, Michigan 48093, United States",0.574074,"SAN_FRANCISCO, 94158"
30270-8881,Rural Road at Terrace Mall,PHOENIX,85281,36.820821,-76.068451,"85281 Phoenix Drive, Virginia Beach, Virginia 23452, United States",0.99,"PHOENIX, 85281"
30270-8878,Shipley Street at 5th Street,SAN_FRANCISCO,94107,42.499574,-83.0022,"San Francisco Street, Warren, Michigan 48093, United States",0.574074,"SAN_FRANCISCO, 94107"
30270-8877,Mason Street at Pine Street,SAN_FRANCISCO,94108,42.499574,-83.0022,"San Francisco Street, Warren, Michigan 48093, United States",0.574074,"SAN_FRANCISCO, 94108"
30270-8876,Dolores Street near 16th Street,SAN_FRANCISCO,94103,42.499574,-83.0022,"San Francisco Street, Warren, Michigan 48093, United States",0.574074,"SAN_FRANCISCO, 94103"
30270-8875,Mission Street near Van Ness Avenue,SAN_FRANCISCO,94103,42.499574,-83.0022,"San Francisco Street, Warren, Michigan 48093, United States",0.574074,"SAN_FRANCISCO, 94103"
30270-8873,Mason Street at Post Street,SAN_FRANCISCO,94102,42.499574,-83.0022,"San Francisco Street, Warren, Michigan 48093, United States",0.574074,"SAN_FRANCISCO, 94102"
30270-8871,Battery Street near Washington Street,SAN_FRANCISCO,94111,42.499574,-83.0022,"San Francisco Street, Warren, Michigan 48093, United States",0.574074,"SAN_FRANCISCO, 94111"
30270-8870,Columbus Avenue near Green Street,SAN_FRANCISCO,94133,37.804124,-122.418075,"Francisco Street, San Francisco, California 94133, United States",0.6,"SAN_FRANCISCO, 94133"
30270-8869,Mason Street near Geary Street,SAN_FRANCISCO,94102,42.499574,-83.0022,"San Francisco Street, Warren, Michigan 48093, United States",0.574074,"SAN_FRANCISCO, 94102"
30270-8868,Grove Street near Gough Street,SAN_FRANCISCO,94102,42.499574,-83.0022,"San Francisco Street, Warren, Michigan 48093, United States",0.574074,"SAN_FRANCISCO, 94102"
30270-8859,East Indian School Road at North 3rd Street,PHOENIX,85012,36.823066,-76.068518,"85012 Phoenix Drive, Virginia Beach, Virginia 23452, United States",0.99,"PHOENIX, 85012"
30270-8858,McLellan Boulevard near North 15th Avenue,PHOENIX,85013,36.820824,-76.068451,"85013 Phoenix Drive, Virginia Beach, Virginia 23452, United States",0.99,"PHOENIX, 85013"
30270-8857,Santa Monica Boulevard at Beloit Avenue,LOS_ANGELES,90025,43.874506,-85.799206,"Los Angeles, Idlewild, Michigan 49642, United States",0.574074,"LOS_ANGELES, 90025"
30270-8856,West Pico Boulevard near Hauser Boulevard,LOS_ANGELES,90019,43.874506,-85.799206,"Los Angeles, Idlewild, Michigan 49642, United States",0.574074,"LOS_ANGELES, 90019"
30270-8851,Market Street at 8th Street,SAN_FRANCISCO,94103,42.499574,-83.0022,"San Francisco Street, Warren, Michigan 48093, United States",0.574074,"SAN_FRANCISCO, 94103"
30270-8849,Washington Street near Hohokam Expressway,PHOENIX,85034,36.823066,-76.068518,"85034 Phoenix Drive, Virginia Beach, Virginia 23452, United States",0.99,"PHOENIX, 85034"
30270-8844,Mission Street at Van Ness Avenue,SAN_FRANCISCO,94103,42.499574,-83.0022,"San Francisco Street, Warren, Michigan 48093, United States",0.574074,"SAN_FRANCISCO, 94103"
30270-8842,Duboce Avenue near Valencia Street,SAN_FRANCISCO,94103,42.499574,-83.0022,"San Francisco Street, Warren, Michigan 48093, United States",0.574074,"SAN_FRANCISCO, 94103"
30270-8835,W. Southern Avenue at S. Alma School Road,PHOENIX,85202,36.823064,-76.068518,"85202 Phoenix Drive, Virginia Beach, Virginia 23452, United States",0.99,"PHOENIX, 85202"
30270-8833,South 3rd Street at East Buckeye Road,PHOENIX,85004,36.823066,-76.068518,"85004 Phoenix Drive, Virginia Beach, Virginia 23452, United States",0.99,"PHOENIX, 85004"
30270-8832,E. Stassney Lane and Burleson Road,AUSTIN,78744,30.234752,-97.58943,"78744 Austin's Colony Boulevard, Austin, Texas 78725, United States",0.94875,"AUSTIN, 78744"
30270-8828,Columbus Avenue at Grant Avenue,SAN_FRANCISCO,94133,37.804124,-122.418075,"Francisco Street, San Francisco, California 94133, United States",0.6,"SAN_FRANCISCO, 94133"
30270-8827,Kansas Street at 23rd Street,SAN_FRANCISCO,94107,42.499574,-83.0022,"San Francisco Street, Warren, Michigan 48093, United States",0.574074,"SAN_FRANCISCO, 94107"
30270-8826,N. 15th Avenue and W. Pierce Street,PHOENIX,85007,36.820825,-76.068451,"85007 Phoenix Drive, Virginia Beach, Virginia 23452, United States",0.99,"PHOENIX, 85007"
30270-8822,Bayshore Boulevard at Silver Avenue,SAN_FRANCISCO,94124,37.669974,-122.416861,"South San Francisco Drive, South San Francisco, California 94080, United States",0.672222,"SAN_FRANCISCO, 94124"
30270-8809,North Goldwater Boulevard near East Indian School Road,PHOENIX,85251,40.914644,-98.331038,"85251 Phoenix Circle, Grand Island, Nebraska 68801, United States",0.99,"PHOENIX, 85251"
30270-8750,W. Broadway Road at S. Farmer Avenue,PHOENIX,85282,36.823063,-76.068518,"85282 Phoenix Drive, Virginia Beach, Virginia 23452, United States",0.99,"PHOENIX, 85282"
30270-8687,Bright Street at Sargent Street,SAN_FRANCISCO,94132,37.681701,-122.458916,"San Francesco Avenue, Colma, California 94014, United States",0.654558,"SAN_FRANCISCO, 94132"
30270-8685,Folsom Street near Langton Street,SAN_FRANCISCO,94103,42.499574,-83.0022,"San Francisco Street, Warren, Michigan 48093, United States",0.574074,"SAN_FRANCISCO, 94103"
30270-8673,N 7th Avenue south of McDowell Road,PHOENIX,85007,36.820825,-76.068451,"85007 Phoenix Drive, Virginia Beach, Virginia 23452, United States",0.99,"PHOENIX, 85007"
30270-8661,Parking lot on S. Diablo Way,PHOENIX,85282,36.823063,-76.068518,"85282 Phoenix Drive, Virginia Beach, Virginia 23452, United States",0.99,"PHOENIX, 85282"
30270-8639,Noe Street at 22nd Street,SAN_FRANCISCO,94114,42.499574,-83.0022,"San Francisco Street, Warren, Michigan 48093, United States",0.574074,"SAN_FRANCISCO, 94114"
30270-8631,South Terrace Road at Apache Boulevard,PHOENIX,85281,36.820821,-76.068451,"85281 Phoenix Drive, Virginia Beach, Virginia 23452, United States",0.99,"PHOENIX, 85281"
30270-8581,Van Ness Avenue at McAllister Street,SAN_FRANCISCO,94102,42.499574,-83.0022,"San Francisco Street, Warren, Michigan 48093, United States",0.574074,"SAN_FRANCISCO, 94102"
30270-8541,Stevenson Street at New Montgomery Street,SAN_FRANCISCO,94105,42.499574,-83.0022,"San Francisco Street, Warren, Michigan 48093, United States",0.574074,"SAN_FRANCISCO, 94105"
30270-8526,Venice Boulevard at 6th Ave,LOS_ANGELES,90019,43.874506,-85.799206,"Los Angeles, Idlewild, Michigan 49642, United States",0.574074,"LOS_ANGELES, 90019"
30270-8514,Market Street at Sanchez Street,SAN_FRANCISCO,94114,42.499574,-83.0022,"San Francisco Street, Warren, Michigan 48093, United States",0.574074,"SAN_FRANCISCO, 94114"
30270-8513,Beale Street near Mission Street,SAN_FRANCISCO,94105,42.499574,-83.0022,"San Francisco Street, Warren, Michigan 48093, United States",0.574074,"SAN_FRANCISCO, 94105"
30270-8512,W Adams Boulevard at S. Western Avenue,LOS_ANGELES,90018,43.874506,-85.799206,"Los Angeles, Idlewild, Michigan 49642, United States",0.574074,"LOS_ANGELES, 90018"
30270-8633,Grant Avenue at Vallejo Street,SAN_FRANCISCO,94133,37.804124,-122.418075,"Francisco Street, San Francisco, California 94133, United States",0.6,"SAN_FRANCISCO, 94133"
30270-8632,Florida Street at 21st Street,SAN_FRANCISCO,94110,42.499574,-83.0022,"San Francisco Street, Warren, Michigan 48093, United States",0.574074,"SAN_FRANCISCO, 94110"
30270-8630,North Las Palmas Avenue at Waring Avenue,LOS_ANGELES,90038,43.874506,-85.799206,"Los Angeles, Idlewild, Michigan 49642, United States",0.574074,"LOS_ANGELES, 90038"
30270-8629,Roanoke Street at Chenery Street,SAN_FRANCISCO,94131,42.499574,-83.0022,"San Francisco Street, Warren, Michigan 48093, United States",0.574074,"SAN_FRANCISCO, 94131"
30270-8627,S. Mill Avenue at E. 7th Street,PHOENIX,85281,36.820821,-76.068451,"85281 Phoenix Drive, Virginia Beach, Virginia 23452, United States",0.99,"PHOENIX, 85281"
30270-8625,Alemany Boulevard at Ocean Avenue,SAN_FRANCISCO,94112,37.669974,-122.416861,"South San Francisco Drive, South San Francisco, California 94080, United States",0.672222,"SAN_FRANCISCO, 94112"
30270-8624,12941 W. Runway Road,LOS_ANGELES,90094,43.874506,-85.799206,"Los Angeles, Idlewild, Michigan 49642, United States",0.574074,"LOS_ANGELES, 90094"
30270-8623,Jack London Alley near S. Park Street,SAN_FRANCISCO,94107,42.499574,-83.0022,"San Francisco Street, Warren, Michigan 48093, United States",0.574074,"SAN_FRANCISCO, 94107"
30270-8622,Parking lot at 8490 Beverly Boulevard,LOS_ANGELES,90048,43.874506,-85.799206,"Los Angeles, Idlewild, Michigan 49642, United States",0.574074,"LOS_ANGELES, 90048"
30270-8621,Jersey Street at Castro Street,SAN_FRANCISCO,94114,42.499574,-83.0022,"San Francisco Street, Warren, Michigan 48093, United States",0.574074,"SAN_FRANCISCO, 94114"
30270-8620,Washington Street at North 5th Street,PHOENIX,85004,36.823066,-76.068518,"85004 Phoenix Drive, Virginia Beach, Virginia 23452, United States",0.99,"PHOENIX, 85004"
30270-8619,Washington Street near South 32nd Street,PHOENIX,85034,36.823066,-76.068518,"85034 Phoenix Drive, Virginia Beach, Virginia 23452, United States",0.99,"PHOENIX, 85034"
30270-8618,Rossi Avenue near Anza Street,SAN_FRANCISCO,94118,42.499574,-83.0022,"San Francisco Street, Warren, Michigan 48093, United States",0.574074,"SAN_FRANCISCO, 94118"
30270-8617,East Indian School Road at North 32nd Street,PHOENIX,85016,36.823066,-76.068518,"85016 Phoenix Drive, Virginia Beach, Virginia 23452, United States",0.99,"PHOENIX, 85016"
30270-8616,Eddy Street near Franklin Street,SAN_FRANCISCO,94109,42.499574,-83.0022,"San Francisco Street, Warren, Michigan 48093, United States",0.574074,"SAN_FRANCISCO, 94109"
30270-8615,Taylor Street at Broadway,SAN_FRANCISCO,94133,37.804124,-122.418075,"Francisco Street, San Francisco, California 94133, United States",0.6,"SAN_FRANCISCO, 94133"
30270-8614,East Roosevelt Street at Hayden Road,PHOENIX,85257,36.820821,-76.068451,"85257 Phoenix Drive, Virginia Beach, Virginia 23452, United States",0.99,"PHOENIX, 85257"
30270-8612,East Buckeye Road at South 10th Street,PHOENIX,85034,36.823066,-76.068518,"85034 Phoenix Drive, Virginia Beach, Virginia 23452, United States",0.99,"PHOENIX, 85034"
30270-8610,Sanchez Street at Market Street,SAN_FRANCISCO,94114,42.499574,-83.0022,"San Francisco Street, Warren, Michigan 48093, United States",0.574074,"SAN_FRANCISCO, 94114"
30270-8608,Rural Road at East Southern Avenue,PHOENIX,85282,36.823063,-76.068518,"85282 Phoenix Drive, Virginia Beach, Virginia 23452, United States",0.99,"PHOENIX, 85282"
30270-8607,Waverly Way at Bellevue Ave,SAN_FRANCISCO,94014,37.681701,-122.458916,"San Francesco Avenue, Colma, California 94014, United States",0.867521,"SAN_FRANCISCO, 94014"
30270-8606,Thomas Road at N. 40th Street,PHOENIX,85008,36.823066,-76.068518,"85008 Phoenix Drive, Virginia Beach, Virginia 23452, United States",0.99,"PHOENIX, 85008"
30270-8605,Minna Street at 3rd Street,SAN_FRANCISCO,94105,42.499574,-83.0022,"San Francisco Street, Warren, Michigan 48093, United States",0.574074,"SAN_FRANCISCO, 94105"
30270-8603,Nebraska Avenue at Stewart Street,LOS_ANGELES,90404,43.874506,-85.799206,"Los Angeles, Idlewild, Michigan 49642, United States",0.574074,"LOS_ANGELES, 90404"
30270-8602,North 49th Place near East Shady Glen Avenue,PHOENIX,85254,36.823063,-76.068518,"85254 Phoenix Drive, Virginia Beach, Virginia 23452, United States",0.99,"PHOENIX, 85254"
30270-8601,Oak Grove Street at Bryant Street,SAN_FRANCISCO,94107,42.499574,-83.0022,"San Francisco Street, Warren, Michigan 48093, United States",0.574074,"SAN_FRANCISCO, 94107"
30270-8600,20th Street at Church Street,SAN_FRANCISCO,94114,42.499574,-83.0022,"San Francisco Street, Warren, Michigan 48093, United States",0.574074,"SAN_FRANCISCO, 94114"
30270-8599,W. Jefferson Boulevard near La Brea Avenue,LOS_ANGELES,90016,43.874506,-85.799206,"Los Angeles, Idlewild, Michigan 49642, United States",0.574074,"LOS_ANGELES, 90016"
30270-8483,N. Saguaro Road near E. Jackrabbit Road,PHOENIX,85253,33.514856,-111.961694,"Phoenix, Paradise Valley, Arizona 85253, United States",1,"PHOENIX, 85253"
30270-8471,Spruce Street at Geary Boulevard,SAN_FRANCISCO,94118,42.499574,-83.0022,"San Francisco Street, Warren, Michigan 48093, United States",0.574074,"SAN_FRANCISCO, 94118"
30270-8469,Grant Avenue at Broadway,SAN_FRANCISCO,94133,37.804124,-122.418075,"Francisco Street, San Francisco, California 94133, United States",0.6,"SAN_FRANCISCO, 94133"
30270-8444,Brannan Street at 4th Street,SAN_FRANCISCO,94107,42.499574,-83.0022,"San Francisco Street, Warren, Michigan 48093, United States",0.574074,"SAN_FRANCISCO, 94107"
30270-8417,9th Street at Harrison Street,SAN_FRANCISCO,94103,42.499574,-83.0022,"San Francisco Street, Warren, Michigan 48093, United States",0.574074,"SAN_FRANCISCO, 94103"
30270-8357,6580 E McDowell Road,PHOENIX,85257,36.820821,-76.068451,"85257 Phoenix Drive, Virginia Beach, Virginia 23452, United States",0.99,"PHOENIX, 85257"
30270-8356,Pacific Avenue at Sansome Street,SAN_FRANCISCO,94109,42.499574,-83.0022,"San Francisco Street, Warren, Michigan 48093, United States",0.574074,"SAN_FRANCISCO, 94109"
30270-8344,Hayden Road at E Shea Boulevard,PHOENIX,85260,36.823063,-76.068518,"85260 Phoenix Drive, Virginia Beach, Virginia 23452, United States",0.99,"PHOENIX, 85260"
30270-8317,parking lot near North 30th Street and East Fillmore Street,PHOENIX,85008,36.823066,-76.068518,"85008 Phoenix Drive, Virginia Beach, Virginia 23452, United States",0.99,"PHOENIX, 85008"
30270-8316,Bush Street at Battery Street,SAN_FRANCISCO,94104,42.499574,-83.0022,"San Francisco Street, Warren, Michigan 48093, United States",0.574074,"SAN_FRANCISCO, 94104"
30270-8406,Grattan Street near Shrader Street ,SAN_FRANCISCO,94117,42.499574,-83.0022,"San Francisco Street, Warren, Michigan 48093, United States",0.574074,"SAN_FRANCISCO, 94117"
30270-8405,East Van Buren Street and North 23rd Street,PHOENIX,85034,36.823066,-76.068518,"85034 Phoenix Drive, Virginia Beach, Virginia 23452, United States",0.99,"PHOENIX, 85034"
30270-8404,Connecticut Street at Wisconsin Street,SAN_FRANCISCO,94107,42.499574,-83.0022,"San Francisco Street, Warren, Michigan 48093, United States",0.574074,"SAN_FRANCISCO, 94107"
30270-8402,Grant Avenue at Green Street,SAN_FRANCISCO,94133,37.804124,-122.418075,"Francisco Street, San Francisco, California 94133, United States",0.6,"SAN_FRANCISCO, 94133"
30270-8401,Taylor Street at Sutter Street,SAN_FRANCISCO,94102,42.499574,-83.0022,"San Francisco Street, Warren, Michigan 48093, United States",0.574074,"SAN_FRANCISCO, 94102"
30270-8398,Parking lot near 1827 E Apache Boulevard,PHOENIX,85281,36.820821,-76.068451,"85281 Phoenix Drive, Virginia Beach, Virginia 23452, United States",0.99,"PHOENIX, 85281"
30270-8397,N. Pleasant Drive near W. Orchid Lane,PHOENIX,85224,36.823064,-76.068518,"85224 Phoenix Drive, Virginia Beach, Virginia 23452, United States",0.99,"PHOENIX, 85224"
30270-8394,Santa Monica Boulevard near Malcolm Avenue,LOS_ANGELES,90024,43.874506,-85.799206,"Los Angeles, Idlewild, Michigan 49642, United States",0.574074,"LOS_ANGELES, 90024"
30270-8393,Mason Street at Geary Street,SAN_FRANCISCO,94102,42.499574,-83.0022,"San Francisco Street, Warren, Michigan 48093, United States",0.574074,"SAN_FRANCISCO, 94102"
30270-8392,16th Street near Bryant Street,SAN_FRANCISCO,94103,42.499574,-83.0022,"San Francisco Street, Warren, Michigan 48093, United States",0.574074,"SAN_FRANCISCO, 94103"
30270-8390,10th Street near Folsom Street,SAN_FRANCISCO,94103,42.499574,-83.0022,"San Francisco Street, Warren, Michigan 48093, United States",0.574074,"SAN_FRANCISCO, 94103"
30270-8389,Haight Street at Broderick St,SAN_FRANCISCO,94117,42.499574,-83.0022,"San Francisco Street, Warren, Michigan 48093, United States",0.574074,"SAN_FRANCISCO, 94117"
30270-8388,The Embarcadero at Broadway,SAN_FRANCISCO,94105,42.499574,-83.0022,"San Francisco Street, Warren, Michigan 48093, United States",0.574074,"SAN_FRANCISCO, 94105"
30270-8387,Broadway near Webster Street,SAN_FRANCISCO,94123,37.800741,-122.444428,"Francisco Street, San Francisco, California 94123, United States",0.6,"SAN_FRANCISCO, 94123"
30270-8386,Davis Street at California Street,SAN_FRANCISCO,94111,42.499574,-83.0022,"San Francisco Street, Warren, Michigan 48093, United States",0.574074,"SAN_FRANCISCO, 94111"
30270-8385,Dolores Street at 17th Street,SAN_FRANCISCO,94110,42.499574,-83.0022,"San Francisco Street, Warren, Michigan 48093, United States",0.574074,"SAN_FRANCISCO, 94110"
30270-8384,Sycamore Avenue near W. Pico Boulevard,LOS_ANGELES,90019,43.874506,-85.799206,"Los Angeles, Idlewild, Michigan 49642, United States",0.574074,"LOS_ANGELES, 90019"
30270-8383,Washington Street at North 44th Street,PHOENIX,85043,36.820824,-76.068451,"85043 Phoenix Drive, Virginia Beach, Virginia 23452, United States",0.99,"PHOENIX, 85043"
30270-8378,Parking lot at 2233 E Highland Avenue,PHOENIX,85016,36.823066,-76.068518,"85016 Phoenix Drive, Virginia Beach, Virginia 23452, United States",0.99,"PHOENIX, 85016"
30270-8278,Pacific Avenue and Jones Street,SAN_FRANCISCO,94109,42.499574,-83.0022,"San Francisco Street, Warren, Michigan 48093, United States",0.574074,"SAN_FRANCISCO, 94109"
30270-8273,Brannan Street at 4th Street,SAN_FRANCISCO,94107,42.499574,-83.0022,"San Francisco Street, Warren, Michigan 48093, United States",0.574074,"SAN_FRANCISCO, 94107"
30270-8266,Cesar Chavez Street at the Bayshore Boulevard Exit,SAN_FRANCISCO,94110,42.499574,-83.0022,"San Francisco Street, Warren, Michigan 48093, United States",0.574074,"SAN_FRANCISCO, 94110"
30270-8243,E. Shea Boulevard near N. 55th Place,PHOENIX,85254,36.823063,-76.068518,"85254 Phoenix Drive, Virginia Beach, Virginia 23452, United States",0.99,"PHOENIX, 85254"
30270-8217,East Osborn Road near North 28th Street,PHOENIX,85016,36.823066,-76.068518,"85016 Phoenix Drive, Virginia Beach, Virginia 23452, United States",0.99,"PHOENIX, 85016"
30270-8200,Bush Street at Market Street,SAN_FRANCISCO,94104,42.499574,-83.0022,"San Francisco Street, Warren, Michigan 48093, United States",0.574074,"SAN_FRANCISCO, 94104"
30270-8199,N Scottsdale Road near E Oak Street,PHOENIX,85257,36.820821,-76.068451,"85257 Phoenix Drive, Virginia Beach, Virginia 23452, United States",0.99,"PHOENIX, 85257"
30270-8182,Lyon Street at Pacific Avenue.,SAN_FRANCISCO,94115,42.499574,-83.0022,"San Francisco Street, Warren, Michigan 48093, United States",0.574074,"SAN_FRANCISCO, 94115"
30270-8180,E Indian School Road at N 68th Street,PHOENIX,85251,40.914644,-98.331038,"85251 Phoenix Circle, Grand Island, Nebraska 68801, United States",0.99,"PHOENIX, 85251"
30270-8152,Steuart Street at Howard Street,SAN_FRANCISCO,94105,42.499574,-83.0022,"San Francisco Street, Warren, Michigan 48093, United States",0.574074,"SAN_FRANCISCO, 94105"
30270-8088,Van Ness Avenue at Clay Str,SAN_FRANCISCO,94109,42.499574,-83.0022,"San Francisco Street, Warren, Michigan 48093, United States",0.574074,"SAN_FRANCISCO, 94109"
30270-8061,Ulloa Street at 22nd Avenue,SAN_FRANCISCO,94116,42.499574,-83.0022,"San Francisco Street, Warren, Michigan 48093, United States",0.574074,"SAN_FRANCISCO, 94116"
30270-8021,Columbus Avenue at Grant Avenue,SAN_FRANCISCO,94133,37.804124,-122.418075,"Francisco Street, San Francisco, California 94133, United States",0.6,"SAN_FRANCISCO, 94133"
30270-8634,Washington Street at North 54th Place,PHOENIX,85034,36.823066,-76.068518,"85034 Phoenix Drive, Virginia Beach, Virginia 23452, United States",0.99,"PHOENIX, 85034"
30270-8158,Ohio Avenue at S Westgate Avenue,LOS_ANGELES,90025,43.874506,-85.799206,"Los Angeles, Idlewild, Michigan 49642, United States",0.574074,"LOS_ANGELES, 90025"
30270-8157,3939 E Campbell Avenue,PHOENIX,85018,36.823066,-76.068518,"85018 Phoenix Drive, Virginia Beach, Virginia 23452, United States",0.99,"PHOENIX, 85018"
30270-8156,Maple Street at 10th Street,LOS_ANGELES,90405,43.874506,-85.799206,"Los Angeles, Idlewild, Michigan 49642, United States",0.574074,"LOS_ANGELES, 90405"
30270-8151,Bush Street at Sansome Street,SAN_FRANCISCO,94104,42.499574,-83.0022,"San Francisco Street, Warren, Michigan 48093, United States",0.574074,"SAN_FRANCISCO, 94104"
30270-8150,40 Buchanan Street,SAN_FRANCISCO,94102,42.499574,-83.0022,"San Francisco Street, Warren, Michigan 48093, United States",0.574074,"SAN_FRANCISCO, 94102"
30270-8146,W Elliot Road near N Carriage Lane,PHOENIX,85224,36.823064,-76.068518,"85224 Phoenix Drive, Virginia Beach, Virginia 23452, United States",0.99,"PHOENIX, 85224"
30270-8145,2335 Golden Gate Avenue,SAN_FRANCISCO,94117,42.499574,-83.0022,"San Francisco Street, Warren, Michigan 48093, United States",0.574074,"SAN_FRANCISCO, 94117"
30270-8144,S Western Avenue at Monette Place,LOS_ANGELES,90006,43.874506,-85.799206,"Los Angeles, Idlewild, Michigan 49642, United States",0.574074,"LOS_ANGELES, 90006"
30270-8141,Hugo Street at Second Avenue,SAN_FRANCISCO,94122,42.499574,-83.0022,"San Francisco Street, Warren, Michigan 48093, United States",0.574074,"SAN_FRANCISCO, 94122"
30270-8139,Guerrero Street at Market Street,SAN_FRANCISCO,94102,42.499574,-83.0022,"San Francisco Street, Warren, Michigan 48093, United States",0.574074,"SAN_FRANCISCO, 94102"
30270-8137,N Price Road at E Southern Avenue,PHOENIX,85282,36.823063,-76.068518,"85282 Phoenix Drive, Virginia Beach, Virginia 23452, United States",0.99,"PHOENIX, 85282"
30270-8134,3800 block of 20th Street,SAN_FRANCISCO,94114,42.499574,-83.0022,"San Francisco Street, Warren, Michigan 48093, United States",0.574074,"SAN_FRANCISCO, 94114"
30270-8131,Folsom Street at Main Street,SAN_FRANCISCO,94105,42.499574,-83.0022,"San Francisco Street, Warren, Michigan 48093, United States",0.574074,"SAN_FRANCISCO, 94105"
30270-8130,Howard Street at Lafayette Street,SAN_FRANCISCO,94103,42.499574,-83.0022,"San Francisco Street, Warren, Michigan 48093, United States",0.574074,"SAN_FRANCISCO, 94103"
30270-8128,W Monroe Street at N Central Avenue,PHOENIX,85004,36.823066,-76.068518,"85004 Phoenix Drive, Virginia Beach, Virginia 23452, United States",0.99,"PHOENIX, 85004"
30270-8127,29th Avenue near Lawton Street,SAN_FRANCISCO,94122,42.499574,-83.0022,"San Francisco Street, Warren, Michigan 48093, United States",0.574074,"SAN_FRANCISCO, 94122"
30270-8124,Washington Street near 30th St,PHOENIX,85034,36.823066,-76.068518,"85034 Phoenix Drive, Virginia Beach, Virginia 23452, United States",0.99,"PHOENIX, 85034"
30270-8121,W Olympic Boulevard at Kelton Avenue,LOS_ANGELES,90025,43.874506,-85.799206,"Los Angeles, Idlewild, Michigan 49642, United States",0.574074,"LOS_ANGELES, 90025"
30270-8120,E Southern Avenue near S 17th Street,PHOENIX,85040,36.823066,-76.068518,"85040 Phoenix Drive, Virginia Beach, Virginia 23452, United States",0.99,"PHOENIX, 85040"
30270-8027,Washington Street at 56th Street,PHOENIX,85034,36.823066,-76.068518,"85034 Phoenix Drive, Virginia Beach, Virginia 23452, United States",0.99,"PHOENIX, 85034"
30270-8020,E Indian School Rd at N 32nd Street,PHOENIX,85016,36.823066,-76.068518,"85016 Phoenix Drive, Virginia Beach, Virginia 23452, United States",0.99,"PHOENIX, 85016"
30270-7998,Oak Street and Octavia Boulevard,SAN_FRANCISCO,94102,42.499574,-83.0022,"San Francisco Street, Warren, Michigan 48093, United States",0.574074,"SAN_FRANCISCO, 94102"
30270-7969,Priest Drive at W. Southern Avenue,PHOENIX,85282,36.823063,-76.068518,"85282 Phoenix Drive, Virginia Beach, Virginia 23452, United States",0.99,"PHOENIX, 85282"
30270-7959,Diamond Street at 24th Street,SAN_FRANCISCO,94114,42.499574,-83.0022,"San Francisco Street, Warren, Michigan 48093, United States",0.574074,"SAN_FRANCISCO, 94114"
30270-7883,E Campbell Avenue at N 40th Street,PHOENIX,85018,36.823066,-76.068518,"85018 Phoenix Drive, Virginia Beach, Virginia 23452, United States",0.99,"PHOENIX, 85018"
30270-7882,Montgomery Street at Broadway,SAN_FRANCISCO,94133,37.804124,-122.418075,"Francisco Street, San Francisco, California 94133, United States",0.6,"SAN_FRANCISCO, 94133"
30270-7855,Union Street at Buchanan St,SAN_FRANCISCO,94123,37.800741,-122.444428,"Francisco Street, San Francisco, California 94123, United States",0.6,"SAN_FRANCISCO, 94123"
30270-7842,E Osborn Rd and N Drinkwater Boulevard,PHOENIX,85251,40.914644,-98.331038,"85251 Phoenix Circle, Grand Island, Nebraska 68801, United States",0.99,"PHOENIX, 85251"
30270-7839,Lombard Street at Fillmore Street,SAN_FRANCISCO,94123,37.800741,-122.444428,"Francisco Street, San Francisco, California 94123, United States",0.6,"SAN_FRANCISCO, 94123"
30270-7953,S. Wooster Street near Whitworth Drive,LOS_ANGELES,90035,43.874506,-85.799206,"Los Angeles, Idlewild, Michigan 49642, United States",0.574074,"LOS_ANGELES, 90035"
30270-7952,S McClintock Drive at E Apache Boulevard,PHOENIX,85281,36.820821,-76.068451,"85281 Phoenix Drive, Virginia Beach, Virginia 23452, United States",0.99,"PHOENIX, 85281"
30270-7950,Divisadero Street at Hayes Street,SAN_FRANCISCO,94117,42.499574,-83.0022,"San Francisco Street, Warren, Michigan 48093, United States",0.574074,"SAN_FRANCISCO, 94117"
30270-7949,Vermont Avenue at Interstate 10 West,LOS_ANGELES,90007,33.987555,-118.270534,"South Los Angeles Street, Los Angeles, California 90003, United States",0.672222,"LOS_ANGELES, 90007"
30270-7947,Parking Lot 3757 E. Van Buren St.,PHOENIX,85008,36.823066,-76.068518,"85008 Phoenix Drive, Virginia Beach, Virginia 23452, United States",0.99,"PHOENIX, 85008"
30270-7946,Parking lot 291 E. Buckeye Rd,PHOENIX,85004,36.823066,-76.068518,"85004 Phoenix Drive, Virginia Beach, Virginia 23452, United States",0.99,"PHOENIX, 85004"
30270-7945,S Priest Drive at W Elliot Road,PHOENIX,85283,36.820821,-76.068451,"85283 Phoenix Drive, Virginia Beach, Virginia 23452, United States",0.99,"PHOENIX, 85283"
30270-7944,Parking lot E. Fillmore Street,PHOENIX,85008,36.823066,-76.068518,"85008 Phoenix Drive, Virginia Beach, Virginia 23452, United States",0.99,"PHOENIX, 85008"
30270-7943,S Hardy Drive and W Baseline Road,PHOENIX,85283,36.820821,-76.068451,"85283 Phoenix Drive, Virginia Beach, Virginia 23452, United States",0.99,"PHOENIX, 85283"
30270-7942,Bryant Street at 5th Street,SAN_FRANCISCO,94107,42.499574,-83.0022,"San Francisco Street, Warren, Michigan 48093, United States",0.574074,"SAN_FRANCISCO, 94107"
30270-7941,2525 S Rural Rd Tempe AZ,PHOENIX,85282,36.823063,-76.068518,"85282 Phoenix Drive, Virginia Beach, Virginia 23452, United States",0.99,"PHOENIX, 85282"
30270-7940,San Pedro Street at E 16th St,LOS_ANGELES,90015,43.874506,-85.799206,"Los Angeles, Idlewild, Michigan 49642, United States",0.574074,"LOS_ANGELES, 90015"
30270-7939,15th Street at Valencia Street,SAN_FRANCISCO,94103,42.499574,-83.0022,"San Francisco Street, Warren, Michigan 48093, United States",0.574074,"SAN_FRANCISCO, 94103"
30270-7938,Montgomery Street near Gold Street,SAN_FRANCISCO,94133,37.804124,-122.418075,"Francisco Street, San Francisco, California 94133, United States",0.6,"SAN_FRANCISCO, 94133"
30270-7936,Parking lot at S. Packard Drive,PHOENIX,85281,36.820821,-76.068451,"85281 Phoenix Drive, Virginia Beach, Virginia 23452, United States",0.99,"PHOENIX, 85281"
30270-7935,21st Street at Mission Street,SAN_FRANCISCO,94110,42.499574,-83.0022,"San Francisco Street, Warren, Michigan 48093, United States",0.574074,"SAN_FRANCISCO, 94110"
30270-7934,Laguna Street at Waller Street,SAN_FRANCISCO,94102,42.499574,-83.0022,"San Francisco Street, Warren, Michigan 48093, United States",0.574074,"SAN_FRANCISCO, 94102"
30270-7877,Papago Springs Apartment Complex,PHOENIX,85008,36.823066,-76.068518,"85008 Phoenix Drive, Virginia Beach, Virginia 23452, United States",0.99,"PHOENIX, 85008"
30270-7813,Mission Street at 9th Street,SAN_FRANCISCO,94103,42.499574,-83.0022,"San Francisco Street, Warren, Michigan 48093, United States",0.574074,"SAN_FRANCISCO, 94103"
30270-7795,parking lot at City College of San Francisco,SAN_FRANCISCO,94112,37.669974,-122.416861,"South San Francisco Drive, South San Francisco, California 94080, United States",0.672222,"SAN_FRANCISCO, 94112"
30270-7794,alleyway near N 7th Avenue and W Roosevelt Street,PHOENIX,85003,36.820825,-76.068451,"85003 Phoenix Drive, Virginia Beach, Virginia 23452, United States",0.99,"PHOENIX, 85003"
30270-7793,14th Street at Folsom Street,SAN_FRANCISCO,94103,42.499574,-83.0022,"San Francisco Street, Warren, Michigan 48093, United States",0.574074,"SAN_FRANCISCO, 94103"
30270-7734,E Madison Street at S 44th Street,PHOENIX,85034,36.823066,-76.068518,"85034 Phoenix Drive, Virginia Beach, Virginia 23452, United States",0.99,"PHOENIX, 85034"
30270-7733,E Broadway Road at N Price,PHOENIX,85282,36.823063,-76.068518,"85282 Phoenix Drive, Virginia Beach, Virginia 23452, United States",0.99,"PHOENIX, 85282"
30270-7730,6202 N. Scottsdale Road,PHOENIX,85253,33.514856,-111.961694,"Phoenix, Paradise Valley, Arizona 85253, United States",1,"PHOENIX, 85253"
30270-7718,3rd Street near Howard Street,SAN_FRANCISCO,94103,42.499574,-83.0022,"San Francisco Street, Warren, Michigan 48093, United States",0.574074,"SAN_FRANCISCO, 94103"
30270-7647,University Street at Sweeny Street,SAN_FRANCISCO,94134,37.669974,-122.416861,"South San Francisco Drive, South San Francisco, California 94080, United States",0.672222,"SAN_FRANCISCO, 94134"
30270-7639,Mission Street at 1st Street,SAN_FRANCISCO,94105,42.499574,-83.0022,"San Francisco Street, Warren, Michigan 48093, United States",0.574074,"SAN_FRANCISCO, 94105"
30270-7637,E. Campbell Avenue and N. 24th Street,PHOENIX,85016,36.823066,-76.068518,"85016 Phoenix Drive, Virginia Beach, Virginia 23452, United States",0.99,"PHOENIX, 85016"
30270-7631,22nd Street at Fair Oaks Street,SAN_FRANCISCO,94110,42.499574,-83.0022,"San Francisco Street, Warren, Michigan 48093, United States",0.574074,"SAN_FRANCISCO, 94110"
30270-9192,East Lincoln Drive near Mount Shadows Golf Club,PHOENIX,85253,33.514856,-111.961694,"Phoenix, Paradise Valley, Arizona 85253, United States",1,"PHOENIX, 85253"
30270-7729,1425 Montana Avenue,LOS_ANGELES,90403,43.874506,-85.799206,"Los Angeles, Idlewild, Michigan 49642, United States",0.574074,"LOS_ANGELES, 90403"
30270-7728,1315 8th Avenue,SAN_FRANCISCO,94122,42.499574,-83.0022,"San Francisco Street, Warren, Michigan 48093, United States",0.574074,"SAN_FRANCISCO, 94122"
30270-7727,Larkin Street at Beach Street,SAN_FRANCISCO,94109,42.499574,-83.0022,"San Francisco Street, Warren, Michigan 48093, United States",0.574074,"SAN_FRANCISCO, 94109"
30270-7726,Hyde Street at O'Farrell Street,SAN_FRANCISCO,94109,42.499574,-83.0022,"San Francisco Street, Warren, Michigan 48093, United States",0.574074,"SAN_FRANCISCO, 94109"
30270-7724,Stockton Street near Campton Place,SAN_FRANCISCO,94108,42.499574,-83.0022,"San Francisco Street, Warren, Michigan 48093, United States",0.574074,"SAN_FRANCISCO, 94108"
30270-7722,Cedar Street at Polk Street,SAN_FRANCISCO,94109,42.499574,-83.0022,"San Francisco Street, Warren, Michigan 48093, United States",0.574074,"SAN_FRANCISCO, 94109"
30270-7721,W. Ray Road near N. Price Road,PHOENIX,85224,36.823064,-76.068518,"85224 Phoenix Drive, Virginia Beach, Virginia 23452, United States",0.99,"PHOENIX, 85224"
30270-7720,7th Street at E. Roosevelt Street,PHOENIX,85006,36.823066,-76.068518,"85006 Phoenix Drive, Virginia Beach, Virginia 23452, United States",0.99,"PHOENIX, 85006"
30270-7719,Steiner Street at Bush Street,SAN_FRANCISCO,94115,42.499574,-83.0022,"San Francisco Street, Warren, Michigan 48093, United States",0.574074,"SAN_FRANCISCO, 94115"
30270-7573,Gough Street at Turk Street,SAN_FRANCISCO,94109,42.499574,-83.0022,"San Francisco Street, Warren, Michigan 48093, United States",0.574074,"SAN_FRANCISCO, 94109"
30270-7425,Brannan Street and Ritch Street,SAN_FRANCISCO,94107,42.499574,-83.0022,"San Francisco Street, Warren, Michigan 48093, United States",0.574074,"SAN_FRANCISCO, 94107"
30270-7543,near 1949 Sunnydale Avenue,SAN_FRANCISCO,94134,37.669974,-122.416861,"South San Francisco Drive, South San Francisco, California 94080, United States",0.672222,"SAN_FRANCISCO, 94134"
30270-7542,S Figueroa Street at 7th Street,LOS_ANGELES,90017,43.874506,-85.799206,"Los Angeles, Idlewild, Michigan 49642, United States",0.574074,"LOS_ANGELES, 90017"
30270-7540,S Figueroa Street at W 17th Street,LOS_ANGELES,90015,43.874506,-85.799206,"Los Angeles, Idlewild, Michigan 49642, United States",0.574074,"LOS_ANGELES, 90015"
30270-7538,19th Street at Vermont Street,SAN_FRANCISCO,94107,42.499574,-83.0022,"San Francisco Street, Warren, Michigan 48093, United States",0.574074,"SAN_FRANCISCO, 94107"
30270-7536,Guerrero Street at 14th Street,SAN_FRANCISCO,94114,42.499574,-83.0022,"San Francisco Street, Warren, Michigan 48093, United States",0.574074,"SAN_FRANCISCO, 94114"
30270-7533,250 W Rio Salado Parkway,PHOENIX,85281,36.820821,-76.068451,"85281 Phoenix Drive, Virginia Beach, Virginia 23452, United States",0.99,"PHOENIX, 85281"
30270-7532,W. Chandler Boulevard near N. Los Feliz Drive,PHOENIX,85226,36.823064,-76.068518,"85226 Phoenix Drive, Virginia Beach, Virginia 23452, United States",0.99,"PHOENIX, 85226"
30270-7531,W. Missouri Avenue at N. 23rd Street,PHOENIX,85015,36.820824,-76.068451,"85015 Phoenix Drive, Virginia Beach, Virginia 23452, United States",0.99,"PHOENIX, 85015"
30270-7530,W. University Drive near S. Farmer Avenue,PHOENIX,85281,36.820821,-76.068451,"85281 Phoenix Drive, Virginia Beach, Virginia 23452, United States",0.99,"PHOENIX, 85281"
30270-7529,Church Street at Market Street,SAN_FRANCISCO,94114,42.499574,-83.0022,"San Francisco Street, Warren, Michigan 48093, United States",0.574074,"SAN_FRANCISCO, 94114"
30270-7528,S. Dorsey Lane at E. Lemon Street,PHOENIX,85281,36.820821,-76.068451,"85281 Phoenix Drive, Virginia Beach, Virginia 23452, United States",0.99,"PHOENIX, 85281"
30270-7527,W. Ray Road and N. Price Road,PHOENIX,85224,36.823064,-76.068518,"85224 Phoenix Drive, Virginia Beach, Virginia 23452, United States",0.99,"PHOENIX, 85224"
30270-7525,St. Germain Avenue at Glenbrook Avenue,SAN_FRANCISCO,94114,42.499574,-83.0022,"San Francisco Street, Warren, Michigan 48093, United States",0.574074,"SAN_FRANCISCO, 94114"
30270-7522,E Portland Street at N 5th Place,PHOENIX,85006,36.823066,-76.068518,"85006 Phoenix Drive, Virginia Beach, Virginia 23452, United States",0.99,"PHOENIX, 85006"
30270-7515,W Southern Avenue at S Alma School Road,PHOENIX,85210,36.823064,-76.068518,"85210 Phoenix Drive, Virginia Beach, Virginia 23452, United States",0.99,"PHOENIX, 85210"
30270-7424,N Drinkwater Boulevard at E 2nd Street,PHOENIX,85251,40.914644,-98.331038,"85251 Phoenix Circle, Grand Island, Nebraska 68801, United States",0.99,"PHOENIX, 85251"
30270-7423,Barneveld Ave and Jerrold Avenue,SAN_FRANCISCO,94124,37.669974,-122.416861,"South San Francisco Drive, South San Francisco, California 94080, United States",0.672222,"SAN_FRANCISCO, 94124"
30270-7421,N. 24th Street and E. Devonshire Avenue,PHOENIX,85016,36.823066,-76.068518,"85016 Phoenix Drive, Virginia Beach, Virginia 23452, United States",0.99,"PHOENIX, 85016"
30270-7380,Division Street at 9th Street,SAN_FRANCISCO,94103,42.499574,-83.0022,"San Francisco Street, Warren, Michigan 48093, United States",0.574074,"SAN_FRANCISCO, 94103"
30270-7306,10th Street at Mission Street,SAN_FRANCISCO,94103,42.499574,-83.0022,"San Francisco Street, Warren, Michigan 48093, United States",0.574074,"SAN_FRANCISCO, 94103"
30270-9169,East Apache Boulevard at South River Drive,PHOENIX,85281,36.820821,-76.068451,"85281 Phoenix Drive, Virginia Beach, Virginia 23452, United States",0.99,"PHOENIX, 85281"
30270-7318,E Indian School Road at N 7th Street,PHOENIX,85102,40.914731,-98.331038,"85102 Phoenix Court, Grand Island, Nebraska 68801, United States",0.99,"PHOENIX, 85102"
30270-7316,W. Galveston Street at N. Arizona Avenue,PHOENIX,85225,36.820822,-76.068451,"85225 Phoenix Drive, Virginia Beach, Virginia 23452, United States",0.99,"PHOENIX, 85225"
30270-7315,Folsom Street at Falmouth Street,SAN_FRANCISCO,94107,42.499574,-83.0022,"San Francisco Street, Warren, Michigan 48093, United States",0.574074,"SAN_FRANCISCO, 94107"
30270-7313,E Lamar Road at N 16th Street,PHOENIX,85016,36.823066,-76.068518,"85016 Phoenix Drive, Virginia Beach, Virginia 23452, United States",0.99,"PHOENIX, 85016"
30270-7312,S. 16th Street towards E. Broadway Road,PHOENIX,85040,36.823066,-76.068518,"85040 Phoenix Drive, Virginia Beach, Virginia 23452, United States",0.99,"PHOENIX, 85040"
30270-7311,E Camelback Road and N 32rd Street,PHOENIX,85016,36.823066,-76.068518,"85016 Phoenix Drive, Virginia Beach, Virginia 23452, United States",0.99,"PHOENIX, 85016"
30270-7309,S. McClintock Drive at E. Broadway Rd,PHOENIX,85282,36.823063,-76.068518,"85282 Phoenix Drive, Virginia Beach, Virginia 23452, United States",0.99,"PHOENIX, 85282"
30270-7308,Watt Way at Exposition Blvd,LOS_ANGELES,90007,33.987555,-118.270534,"South Los Angeles Street, Los Angeles, California 90003, United States",0.672222,"LOS_ANGELES, 90007"
30270-7257,S Rural Road at E University Drive,PHOENIX,85281,36.820821,-76.068451,"85281 Phoenix Drive, Virginia Beach, Virginia 23452, United States",0.99,"PHOENIX, 85281"
30270-7190,Fillmore Street at Geary Boulevard,SAN_FRANCISCO,94115,42.499574,-83.0022,"San Francisco Street, Warren, Michigan 48093, United States",0.574074,"SAN_FRANCISCO, 94115"
30270-7075,17th Street at Mississippi Street,SAN_FRANCISCO,94107,42.499574,-83.0022,"San Francisco Street, Warren, Michigan 48093, United States",0.574074,"SAN_FRANCISCO, 94107"
30270-7162,intersection of Market Street at Hermann Street and Guerrero Street,SAN_FRANCISCO,94103,42.499574,-83.0022,"San Francisco Street, Warren, Michigan 48093, United States",0.574074,"SAN_FRANCISCO, 94103"
30270-7161,26th Street at Castro Street,SAN_FRANCISCO,94114,42.499574,-83.0022,"San Francisco Street, Warren, Michigan 48093, United States",0.574074,"SAN_FRANCISCO, 94114"
30270-7160,E. Indian School Road at N. 87th Place,PHOENIX,85251,40.914644,-98.331038,"85251 Phoenix Circle, Grand Island, Nebraska 68801, United States",0.99,"PHOENIX, 85251"
30270-7159,S. McClintock Drive at the intersection with the on and off ramps for westbound Highway 60,PHOENIX,85282,36.823063,-76.068518,"85282 Phoenix Drive, Virginia Beach, Virginia 23452, United States",0.99,"PHOENIX, 85282"
30270-7158,S. 16th Street at E. Buckeye Road,PHOENIX,85034,36.823066,-76.068518,"85034 Phoenix Drive, Virginia Beach, Virginia 23452, United States",0.99,"PHOENIX, 85034"
30270-7157,Manhattan Place at West Adams Boulevard,LOS_ANGELES,90018,43.874506,-85.799206,"Los Angeles, Idlewild, Michigan 49642, United States",0.574074,"LOS_ANGELES, 90018"
30270-7156,E. Van Buren Street and N. 30th Street.,PHOENIX,85008,36.823066,-76.068518,"85008 Phoenix Drive, Virginia Beach, Virginia 23452, United States",0.99,"PHOENIX, 85008"
30270-7071,Potrero Avenue near 22nd Street,SAN_FRANCISCO,94110,42.499574,-83.0022,"San Francisco Street, Warren, Michigan 48093, United States",0.574074,"SAN_FRANCISCO, 94110"
30270-7058,Parking lot entrance on N. Portales Place,PHOENIX,85251,40.914644,-98.331038,"85251 Phoenix Circle, Grand Island, Nebraska 68801, United States",0.99,"PHOENIX, 85251"
30270-7054,N. 40th Street past Washington Street,PHOENIX,85034,36.823066,-76.068518,"85034 Phoenix Drive, Virginia Beach, Virginia 23452, United States",0.99,"PHOENIX, 85034"
30270-7048,Parking lot entrance on W. San Angelo Street near N. Colorado Street,PHOENIX,85233,36.820822,-76.068451,"85233 Phoenix Drive, Virginia Beach, Virginia 23452, United States",0.99,"PHOENIX, 85233"
30270-7021,Turner Terrace near Missouri Street,SAN_FRANCISCO,94107,42.499574,-83.0022,"San Francisco Street, Warren, Michigan 48093, United States",0.574074,"SAN_FRANCISCO, 94107"
30270-6981,Larkin Street at Bush Street,SAN_FRANCISCO,94109,42.499574,-83.0022,"San Francisco Street, Warren, Michigan 48093, United States",0.574074,"SAN_FRANCISCO, 94109"
30270-6932,N. Central Avenue at E. Osborn Road,PHOENIX,85015,36.820824,-76.068451,"85015 Phoenix Drive, Virginia Beach, Virginia 23452, United States",0.99,"PHOENIX, 85015"
30270-7020,East Playa Del Norte Drive near North Scottsdale Road,PHOENIX,85288,36.823063,-76.068518,"85288 Phoenix Drive, Virginia Beach, Virginia 23452, United States",0.99,"PHOENIX, 85288"
30270-7019,Stanyan Street near Haight Street,SAN_FRANCISCO,94117,42.499574,-83.0022,"San Francisco Street, Warren, Michigan 48093, United States",0.574074,"SAN_FRANCISCO, 94117"
30270-7018,East Palm Lane near North 43rd Street,PHOENIX,85008,36.823066,-76.068518,"85008 Phoenix Drive, Virginia Beach, Virginia 23452, United States",0.99,"PHOENIX, 85008"
30270-7017,North Third Street at Washington Street,PHOENIX,85004,36.823066,-76.068518,"85004 Phoenix Drive, Virginia Beach, Virginia 23452, United States",0.99,"PHOENIX, 85004"
30270-7015,Gilman Avenue at Third Street,SAN_FRANCISCO,94124,37.669974,-122.416861,"South San Francisco Drive, South San Francisco, California 94080, United States",0.672222,"SAN_FRANCISCO, 94124"
30270-7014,Beach Street near Larkin Street,SAN_FRANCISCO,94109,42.499574,-83.0022,"San Francisco Street, Warren, Michigan 48093, United States",0.574074,"SAN_FRANCISCO, 94109"
30270-7013,North 32nd Street at East Filmore Street,PHOENIX,85008,36.823066,-76.068518,"85008 Phoenix Drive, Virginia Beach, Virginia 23452, United States",0.99,"PHOENIX, 85008"
30270-7012,South McClintock Drive at East Baseline Road,PHOENIX,85283,36.820821,-76.068451,"85283 Phoenix Drive, Virginia Beach, Virginia 23452, United States",0.99,"PHOENIX, 85283"
30270-7007,Napoleon Street near Evans Avenue ,SAN_FRANCISCO,94124,37.669974,-122.416861,"South San Francisco Drive, South San Francisco, California 94080, United States",0.672222,"SAN_FRANCISCO, 94124"
30270-7006,24th Street at Osage Street,SAN_FRANCISCO,94110,42.499574,-83.0022,"San Francisco Street, Warren, Michigan 48093, United States",0.574074,"SAN_FRANCISCO, 94110"
30270-6907,E. 1st Avenue near N. Scottsdale Road,PHOENIX,85251,40.914644,-98.331038,"85251 Phoenix Circle, Grand Island, Nebraska 68801, United States",0.99,"PHOENIX, 85251"
30270-6906,N. 44th Street and Washington Street,PHOENIX,85008,36.823066,-76.068518,"85008 Phoenix Drive, Virginia Beach, Virginia 23452, United States",0.99,"PHOENIX, 85008"
30270-6901,N. 28th Street at E. Pinchot Avenue,PHOENIX,85016,36.823066,-76.068518,"85016 Phoenix Drive, Virginia Beach, Virginia 23452, United States",0.99,"PHOENIX, 85016"
30270-6883,N. Scottsdale Road at E. Chaparral Road,PHOENIX,85253,33.514856,-111.961694,"Phoenix, Paradise Valley, Arizona 85253, United States",1,"PHOENIX, 85253"
30270-6879,Gough Street at Ellis Street,SAN_FRANCISCO,94109,42.499574,-83.0022,"San Francisco Street, Warren, Michigan 48093, United States",0.574074,"SAN_FRANCISCO, 94109"
30270-6878,E. Van Buren Street at N. 36th Street,PHOENIX,85008,36.823066,-76.068518,"85008 Phoenix Drive, Virginia Beach, Virginia 23452, United States",0.99,"PHOENIX, 85008"
30270-6855,Stockton Street near O'Farrell Street,SAN_FRANCISCO,94102,42.499574,-83.0022,"San Francisco Street, Warren, Michigan 48093, United States",0.574074,"SAN_FRANCISCO, 94102"
30270-6854,1949 E. University Drive,PHOENIX,85288,36.823063,-76.068518,"85288 Phoenix Drive, Virginia Beach, Virginia 23452, United States",0.99,"PHOENIX, 85288"
30270-6838,135 W. Orion Street,PHOENIX,85283,36.820821,-76.068451,"85283 Phoenix Drive, Virginia Beach, Virginia 23452, United States",0.99,"PHOENIX, 85283"
30270-6765,Hayden Road and McDowell Road,PHOENIX,85257,36.820821,-76.068451,"85257 Phoenix Drive, Virginia Beach, Virginia 23452, United States",0.99,"PHOENIX, 85257"
30270-6579,Folsom Street at 11th Street,SAN_FRANCISCO,94103,42.499574,-83.0022,"San Francisco Street, Warren, Michigan 48093, United States",0.574074,"SAN_FRANCISCO, 94103"
30270-6668,S. Terrace Road at E. Lemon Street,PHOENIX,85281,36.820821,-76.068451,"85281 Phoenix Drive, Virginia Beach, Virginia 23452, United States",0.99,"PHOENIX, 85281"
30270-6667,Marin Street near Michigan Street,SAN_FRANCISCO,94124,37.669974,-122.416861,"South San Francisco Drive, South San Francisco, California 94080, United States",0.672222,"SAN_FRANCISCO, 94124"
30270-6666,Avila Street near Rico Way,SAN_FRANCISCO,94123,37.800741,-122.444428,"Francisco Street, San Francisco, California 94123, United States",0.6,"SAN_FRANCISCO, 94123"
30270-6664,44 N. 44th Street,PHOENIX,85008,36.823066,-76.068518,"85008 Phoenix Drive, Virginia Beach, Virginia 23452, United States",0.99,"PHOENIX, 85008"
30270-6663,Bluxome Street at 4th Street,SAN_FRANCISCO,94107,42.499574,-83.0022,"San Francisco Street, Warren, Michigan 48093, United States",0.574074,"SAN_FRANCISCO, 94107"
30270-6662,Van Ness Avenue at Lombard Street,SAN_FRANCISCO,94109,42.499574,-83.0022,"San Francisco Street, Warren, Michigan 48093, United States",0.574074,"SAN_FRANCISCO, 94109"
30270-6661,Fremont Street at Mission Street,SAN_FRANCISCO,94105,42.499574,-83.0022,"San Francisco Street, Warren, Michigan 48093, United States",0.574074,"SAN_FRANCISCO, 94105"
30270-6566,N. Dobson Road near W. Warner Road,PHOENIX,85224,36.823064,-76.068518,"85224 Phoenix Drive, Virginia Beach, Virginia 23452, United States",0.99,"PHOENIX, 85224"
30270-6561,Parking lot driveway at Central High School,PHOENIX,85012,36.823066,-76.068518,"85012 Phoenix Drive, Virginia Beach, Virginia 23452, United States",0.99,"PHOENIX, 85012"
30270-6548,S. Central Avenue near E. Grant Street,PHOENIX,85004,36.823066,-76.068518,"85004 Phoenix Drive, Virginia Beach, Virginia 23452, United States",0.99,"PHOENIX, 85004"
30270-6542,Hayden Road near E. Wilshire Drive,PHOENIX,85257,36.820821,-76.068451,"85257 Phoenix Drive, Virginia Beach, Virginia 23452, United States",0.99,"PHOENIX, 85257"
30270-6385,15th Street near Sanchez Street,SAN_FRANCISCO,94114,42.499574,-83.0022,"San Francisco Street, Warren, Michigan 48093, United States",0.574074,"SAN_FRANCISCO, 94114"
30270-6521,North 9th Avenue at Grand Avenue,PHOENIX,85007,36.820825,-76.068451,"85007 Phoenix Drive, Virginia Beach, Virginia 23452, United States",0.99,"PHOENIX, 85007"
30270-6520,Scottsdale Road at Camelback Road,PHOENIX,85251,40.914644,-98.331038,"85251 Phoenix Circle, Grand Island, Nebraska 68801, United States",0.99,"PHOENIX, 85251"
30270-6519,North 2nd Street at East McKinley Street,PHOENIX,85004,36.823066,-76.068518,"85004 Phoenix Drive, Virginia Beach, Virginia 23452, United States",0.99,"PHOENIX, 85004"
30270-6518,24th Street at Ortega Street,SAN_FRANCISCO,94122,42.499574,-83.0022,"San Francisco Street, Warren, Michigan 48093, United States",0.574074,"SAN_FRANCISCO, 94122"
30270-6517,Divisadero Street and McAllister Street,SAN_FRANCISCO,94115,42.499574,-83.0022,"San Francisco Street, Warren, Michigan 48093, United States",0.574074,"SAN_FRANCISCO, 94115"
30270-6516,Rural Road at South Terrance Road,PHOENIX,85281,36.820821,-76.068451,"85281 Phoenix Drive, Virginia Beach, Virginia 23452, United States",0.99,"PHOENIX, 85281"
30270-6515,Florida Street at Mariposa Street,SAN_FRANCISCO,94110,42.499574,-83.0022,"San Francisco Street, Warren, Michigan 48093, United States",0.574074,"SAN_FRANCISCO, 94110"
30270-6514,Divisadero Street at Hayes Street,SAN_FRANCISCO,94117,42.499574,-83.0022,"San Francisco Street, Warren, Michigan 48093, United States",0.574074,"SAN_FRANCISCO, 94117"
30270-6405,Haight Street at Laguna Street,SAN_FRANCISCO,94102,42.499574,-83.0022,"San Francisco Street, Warren, Michigan 48093, United States",0.574074,"SAN_FRANCISCO, 94102"
30270-6368,E. Minton Drive near Rural Road,PHOENIX,85282,36.823063,-76.068518,"85282 Phoenix Drive, Virginia Beach, Virginia 23452, United States",0.99,"PHOENIX, 85282"
30270-6352,19th Street at Tennessee Street,SAN_FRANCISCO,94107,42.499574,-83.0022,"San Francisco Street, Warren, Michigan 48093, United States",0.574074,"SAN_FRANCISCO, 94107"
30270-6347,Michigan Ave and Euclid St,LOS_ANGELES,90404,43.874506,-85.799206,"Los Angeles, Idlewild, Michigan 49642, United States",0.574074,"LOS_ANGELES, 90404"
30270-6346,Bay St and Mason St,SAN_FRANCISCO,94133,37.804124,-122.418075,"Francisco Street, San Francisco, California 94133, United States",0.6,"SAN_FRANCISCO, 94133"
30270-6342,Bayshore Blvd and Costa Street,SAN_FRANCISCO,94124,37.669974,-122.416861,"South San Francisco Drive, South San Francisco, California 94080, United States",0.672222,"SAN_FRANCISCO, 94124"
30270-6341,Bryant Street at 2nd Street,SAN_FRANCISCO,94107,42.499574,-83.0022,"San Francisco Street, Warren, Michigan 48093, United States",0.574074,"SAN_FRANCISCO, 94107"
30270-6338,W McKinley St and N 5th Av,PHOENIX,85003,36.820825,-76.068451,"85003 Phoenix Drive, Virginia Beach, Virginia 23452, United States",0.99,"PHOENIX, 85003"
30270-6337,South Sycamore at South Cholla,PHOENIX,85202,36.823064,-76.068518,"85202 Phoenix Drive, Virginia Beach, Virginia 23452, United States",0.99,"PHOENIX, 85202"
30270-6336,Bush St and Polk St,SAN_FRANCISCO,94109,42.499574,-83.0022,"San Francisco Street, Warren, Michigan 48093, United States",0.574074,"SAN_FRANCISCO, 94109"
30270-6335,E Oak and N 46th Street,PHOENIX,85008,36.823066,-76.068518,"85008 Phoenix Drive, Virginia Beach, Virginia 23452, United States",0.99,"PHOENIX, 85008"
30270-6198,Camelback Road at North 17th Street,PHOENIX,85015,36.820824,-76.068451,"85015 Phoenix Drive, Virginia Beach, Virginia 23452, United States",0.99,"PHOENIX, 85015"
30270-6150,7th Street at E. Van Buren St,PHOENIX,85034,36.823066,-76.068518,"85034 Phoenix Drive, Virginia Beach, Virginia 23452, United States",0.99,"PHOENIX, 85034"
30270-6149,Apache Boulevard near S. Rural Road,PHOENIX,85281,36.820821,-76.068451,"85281 Phoenix Drive, Virginia Beach, Virginia 23452, United States",0.99,"PHOENIX, 85281"
30270-6133,13th Street east of Folsom St,SAN_FRANCISCO,94103,42.499574,-83.0022,"San Francisco Street, Warren, Michigan 48093, United States",0.574074,"SAN_FRANCISCO, 94103"
30270-6132,Leavenworth Street at Golden Gate Ave,SAN_FRANCISCO,94102,42.499574,-83.0022,"San Francisco Street, Warren, Michigan 48093, United States",0.574074,"SAN_FRANCISCO, 94102"
30270-6131,East Taylor Street at North Papago Street,PHOENIX,85008,36.823066,-76.068518,"85008 Phoenix Drive, Virginia Beach, Virginia 23452, United States",0.99,"PHOENIX, 85008"
30270-5997,E. Rio Salado Parkway near Clubview Avenue,PHOENIX,85281,36.820821,-76.068451,"85281 Phoenix Drive, Virginia Beach, Virginia 23452, United States",0.99,"PHOENIX, 85281"
30270-5896,N. San Marcos Place at W. Commonwealth Avenue,PHOENIX,85225,36.820822,-76.068451,"85225 Phoenix Drive, Virginia Beach, Virginia 23452, United States",0.99,"PHOENIX, 85225"
30270-5961,Jersey Street at Church Street,SAN_FRANCISCO,94114,42.499574,-83.0022,"San Francisco Street, Warren, Michigan 48093, United States",0.574074,"SAN_FRANCISCO, 94114"
30270-5960,Great Highway near Kirkham Street,SAN_FRANCISCO,94122,42.499574,-83.0022,"San Francisco Street, Warren, Michigan 48093, United States",0.574074,"SAN_FRANCISCO, 94122"
30270-5959,Market Street at Diamond St,SAN_FRANCISCO,94114,42.499574,-83.0022,"San Francisco Street, Warren, Michigan 48093, United States",0.574074,"SAN_FRANCISCO, 94114"
30270-5958,Santiago Street near 42nd Avenue.,SAN_FRANCISCO,94116,42.499574,-83.0022,"San Francisco Street, Warren, Michigan 48093, United States",0.574074,"SAN_FRANCISCO, 94116"
30270-5957,3911 3rd Street,SAN_FRANCISCO,94124,37.669974,-122.416861,"South San Francisco Drive, South San Francisco, California 94080, United States",0.672222,"SAN_FRANCISCO, 94124"
30270-5760,W Taylor Street just west of N 7th Avenue,PHOENIX,85007,36.820825,-76.068451,"85007 Phoenix Drive, Virginia Beach, Virginia 23452, United States",0.99,"PHOENIX, 85007"
30270-5758,Post Street at Webster Street,SAN_FRANCISCO,94115,42.499574,-83.0022,"San Francisco Street, Warren, Michigan 48093, United States",0.574074,"SAN_FRANCISCO, 94115"
30270-5756,E Roeser Road at S 40th Street,PHOENIX,85040,36.823066,-76.068518,"85040 Phoenix Drive, Virginia Beach, Virginia 23452, United States",0.99,"PHOENIX, 85040"
30270-5612,1613 N. 18th St.,PHOENIX,85006,36.823066,-76.068518,"85006 Phoenix Drive, Virginia Beach, Virginia 23452, United States",0.99,"PHOENIX, 85006"
30270-5611,1613 N. 18th St.,PHOENIX,85006,36.823066,-76.068518,"85006 Phoenix Drive, Virginia Beach, Virginia 23452, United States",0.99,"PHOENIX, 85006"
30270-5456,Bay Street near Mason Street,SAN_FRANCISCO,94133,37.804124,-122.418075,"Francisco Street, San Francisco, California 94133, United States",0.6,"SAN_FRANCISCO, 94133"
30270-5593,Oak Street at Octavia Boulevard,SAN_FRANCISCO,94102,42.499574,-83.0022,"San Francisco Street, Warren, Michigan 48093, United States",0.574074,"SAN_FRANCISCO, 94102"
30270-5592,25th Street at Sanchez Street,SAN_FRANCISCO,94114,42.499574,-83.0022,"San Francisco Street, Warren, Michigan 48093, United States",0.574074,"SAN_FRANCISCO, 94114"
30270-5591,North Central Avenue at West Encanto Boulevard,PHOENIX,85004,36.823066,-76.068518,"85004 Phoenix Drive, Virginia Beach, Virginia 23452, United States",0.99,"PHOENIX, 85004"
30270-5588,South McClintock Drive at parking lot driveway near East Warner Road,PHOENIX,85284,36.823063,-76.068518,"85284 Phoenix Drive, Virginia Beach, Virginia 23452, United States",0.99,"PHOENIX, 85284"
30270-5208,Randall Street near Harper Street,SAN_FRANCISCO,94131,42.499574,-83.0022,"San Francisco Street, Warren, Michigan 48093, United States",0.574074,"SAN_FRANCISCO, 94131"
30270-5319,200 block of N. 5th Avenue,PHOENIX,85003,36.820825,-76.068451,"85003 Phoenix Drive, Virginia Beach, Virginia 23452, United States",0.99,"PHOENIX, 85003"
30270-5318,8077 O'Farrell Street,SAN_FRANCISCO,94118,42.499574,-83.0022,"San Francisco Street, Warren, Michigan 48093, United States",0.574074,"SAN_FRANCISCO, 94118"
30270-5114,Bayshore Boulevard near Jerrold Avenue,SAN_FRANCISCO,94124,37.669974,-122.416861,"South San Francisco Drive, South San Francisco, California 94080, United States",0.672222,"SAN_FRANCISCO, 94124"
30270-5085,25th St and Noe Street,SAN_FRANCISCO,94114,42.499574,-83.0022,"San Francisco Street, Warren, Michigan 48093, United States",0.574074,"SAN_FRANCISCO, 94114"
30270-5083,Toland St and Hudson Ave,SAN_FRANCISCO,94124,37.669974,-122.416861,"South San Francisco Drive, South San Francisco, California 94080, United States",0.672222,"SAN_FRANCISCO, 94124"
30270-5081,North Point St and Buchanan Street,SAN_FRANCISCO,94123,37.800741,-122.444428,"Francisco Street, San Francisco, California 94123, United States",0.6,"SAN_FRANCISCO, 94123"
30270-4882,N Alma School Rd & W Commonwealth Ave,PHOENIX,85224,36.823064,-76.068518,"85224 Phoenix Drive, Virginia Beach, Virginia 23452, United States",0.99,"PHOENIX, 85224"
30270-4880,116 E Roosevelt Street,PHOENIX,85004,36.823066,-76.068518,"85004 Phoenix Drive, Virginia Beach, Virginia 23452, United States",0.99,"PHOENIX, 85004"
30270-4768,E. Van Buren Street at N. 24th Place,PHOENIX,85008,36.823066,-76.068518,"85008 Phoenix Drive, Virginia Beach, Virginia 23452, United States",0.99,"PHOENIX, 85008"
30270-4363,4100 block of N S. Herrera Way,PHOENIX,85012,36.823066,-76.068518,"85012 Phoenix Drive, Virginia Beach, Virginia 23452, United States",0.99,"PHOENIX, 85012"
30270-4484,500 block of W. Willetta Street,PHOENIX,85003,36.820825,-76.068451,"85003 Phoenix Drive, Virginia Beach, Virginia 23452, United States",0.99,"PHOENIX, 85003"
30270-3842,Clayton Street at Market Street,SAN_FRANCISCO,94114,42.499574,-83.0022,"San Francisco Street, Warren, Michigan 48093, United States",0.574074,"SAN_FRANCISCO, 94114"
30270-3838,1919 N. Dobson Road,PHOENIX,85224,36.823064,-76.068518,"85224 Phoenix Drive, Virginia Beach, Virginia 23452, United States",0.99,"PHOENIX, 85224"
30270-1730,700 block of S. El Dorado,PHOENIX,85202,36.823064,-76.068518,"85202 Phoenix Drive, Virginia Beach, Virginia 23452, United States",0.99,"PHOENIX, 85202"
30270-1583,W. Chandler Boulevard and S. Chandler Village Drive,PHOENIX,85226,36.823064,-76.068518,"85226 Phoenix Drive, Virginia Beach, Virginia 23452, United States",0.99,"PHOENIX, 85226"
30270-1501,909 E. Minton Dr.,PHOENIX,85282,36.823063,-76.068518,"85282 Phoenix Drive, Virginia Beach, Virginia 23452, United States",0.99,"PHOENIX, 85282"
,S McClintock Drive at E Baseline Rd,PHOENIX,85283,36.820821,-76.068451,"85283 Phoenix Drive, Virginia Beach, Virginia 23452, United States",0.99,"PHOENIX, 85283"
,849 S Dobbson Rd,PHOENIX,85202,36.823064,-76.068518,"85202 Phoenix Drive, Virginia Beach, Virginia 23452, United States",0.99,"PHOENIX, 85202"
